Person ID,Person Name,Alternate Name,Occupation,Nationality,Birth Date,Hometown,Debut,Awards,Affiliation,Hobbies,Website,Twitter,Facebook,Blog,Pixiv,Source,Initial Contributor,Last Updated By
16679,CIRCUS,,,,,,,,,,http://circus-co.jp/,http://twitter.com/circus_info,https://www.facebook.com/circus1111,,,,まーすけ（2017-01-29 17:33:18）,まーすけ（2017-01-29 17:33:18）
4380,サーガ・ミオノ,サトウ・ユウ,漫画家,日本,,,,,,,,http://twitter.com/tinker2199,,,,,まんがseek編集部（2002-11-16 15:31:03）,こうの（2015-07-20 10:27:40）
20248,さーたり,,医師;漫画家,,1978年2月18日 (46歳),,,,,,http://www.instagram.com/gogofujoy,http://twitter.com/gogofujoy,,https://ameblo.jp/surgery/,,,ゲスト（2019-05-24 08:29:29）,ゲスト（2019-05-24 08:29:29）
20286,サード大沼,,漫画家;イラストレーター,,,,,,,,https://thirdonuma.jimdo.com/,http://twitter.com/5hanto3soshiru,,,,,もりざる（2019-06-08 12:21:17）,もりざる（2019-06-08 12:21:17）
14476,サーフボード,,,,,,,,,,http://www.surfboard.jp/,,,,,,まーすけ（2016-03-12 08:27:46）,まーすけ（2016-03-12 08:27:46）
25070,鮭no.マリネ,,漫画家,,,,,,,,,http://twitter.com/salmonnomarine,,,,,もりざる（2023-01-29 22:28:59）,daisuke（2023-05-10 17:44:03）
13620,SAA,,漫画家,,,,2001年,,,,http://weedy-princess.raindrop.jp,http://twitter.com/xxsaakoxx,,http://d.hatena.ne.jp/weedy-princess/,,,もりざる（2016-01-03 18:33:04）,ゲスト（2016-05-24 15:08:40）
20349,砂威,,漫画家,,,,,,,,,,,,,,もりざる（2019-07-07 12:43:12）,もりざる（2019-07-07 12:43:12）
27688,サイ,,漫画家,,,,,,,,,http://twitter.com/saiyama03,,,,,伏見庵（2024-01-18 21:47:51）,伏見庵（2024-01-18 21:47:51）
12186,斎夏生,,漫画家,日本,,,,,,,http://natsuo-trygatto.tumblr.com/,http://twitter.com/trygatto,,,,,もりざる（2015-09-10 21:22:51）,daisuke（2021-01-27 16:49:24）
3976,さいふうめい,竹内一郎,劇作家;演出家,日本,1956年5月24日 (68歳),,,文化庁・舞台芸術創作奨励賞(佳作)〔1990年〕「戯曲・星に願いを」,,,,http://twitter.com/TSAIFUMEI,,,,公式サイト,まんがseek編集部（2002-12-15 12:28:57）,daisuke（2021-02-07 17:26:31）
21652,祭遊機,,漫画家;イラストレーター;デザイナー,,,,,,,,,,,,,,伏見庵（2020-10-09 22:17:52）,伏見庵（2020-10-09 22:17:52）
2777,彩れんと,,漫画家,,,,,,,,,,,,,,まんがseek編集部（2003-04-03 17:27:32）,もりざる（2017-06-29 22:40:52）
7624,西園寺英,,,,,,,,,,,,,,,,まんがseek編集部（2003-02-05 12:48:15）,こうの（2015-01-07 17:17:00）
11534,才賀明,,脚本家,,1932年8月3日,和歌山県,,,,,,,,,,,ゲスト（2015-08-14 22:18:28）,ゲスト（2015-08-14 22:18:28）
21187,采芽杏奈,公弥杏捺,漫画家,,12月17日,,,,,,https://www.instagram.com/saiga_anna/,http://twitter.com/SaigaAnna_DM,https://www.facebook.com/kaguradress,,,,まーすけ（2020-08-17 21:56:58）,daisuke（2023-11-05 15:12:20）
11191,雑賀四十郎,,漫画原作者;エージェント,日本,,,,,,,,http://twitter.com/Agent_Shijuro,,,,,もりざる（2015-08-02 17:10:36）,daisuke（2021-01-25 17:12:53）
26490,斎賀菜月,,漫画家,,,,,,,,,,,,,,もりざる（2023-08-23 23:22:39）,daisuke（2023-10-25 22:17:54）
17199,さいがようへい,雑賀陽平,漫画家,,1950年,兵庫県神戸市,,"COM月例新人賞 (第20回, 月例新人入選作)〔1971年〕 「われらの時代 失なわれない世界」",,,,,,,,,もなか（2017-05-01 22:28:38）,もなか（2017-05-01 22:28:38）
6079,雑賀陽平,さいがようへい,漫画家,,1950年,兵庫県神戸市,,"COM月例新人賞 (第20回, 月例新人入選作)〔1971年〕 「われらの時代 失なわれない世界」 （さいがようへいとして）",,,,,,,,漫画,まんがseek編集部（2002-11-16 15:31:03）,もりざる（2017-12-26 23:27:07）
3892,雑賀礼史,,ライトノベル作家,日本,,,,"ファンタジア長編小説大賞(第5回,奨励賞)〔1995年〕",,,,http://twitter.com/saigareiji,,,,,まんがseek編集部（2002-11-16 15:31:03）,daisuke（2021-02-07 17:31:58）
15601,彩画堂,,漫画家,,,,,,,,,,,,,,もりざる（2016-08-13 22:18:36）,もりざる（2016-08-13 22:18:36）
21969,さいがりゅう,,漫画家,,,,,,,,,http://twitter.com/re_saiga,,,,,伏見庵（2020-11-30 23:40:50）,伏見庵（2020-11-30 23:40:50）
729,西岸良平,,漫画家,,1947年7月30日 (76歳),東京都世田谷区,1972年「夢野平四郎の青春」,"ビッグコミック賞 (第8回, 佳作1席)〔1972年〕 「夢野平四郎の青春」, 小学館漫画賞 (第27回)〔1981年〕 「三丁目の夕日」, 紫綬褒章〔2010年〕",,,,,,,,「日本漫画家名鑑500」;漫画;平人,まんがseek編集部（2002-11-16 15:31:03）,こうの（2015-12-17 10:01:55）
22014,彩樹衛生,,漫画家,,,,,,,,,,,,,,伏見庵（2020-12-09 01:21:08）,伏見庵（2020-12-09 01:21:08）
21596,斉木一馬,未津島えり,漫画家,,,,,,,,,,,,,,伏見庵（2020-09-30 22:29:01）,伏見庵（2020-09-30 22:29:01）
4332,斉木久美子,,漫画家,,10月28日,,,,,,,http://twitter.com/Psy93,,http://saikicks.jugem.jp/,,,まんがseek編集部（2003-03-08 20:25:33）,まーすけ（2015-10-25 21:27:45）
13392,斎木桂,,漫画家,,,,,,,,,,,,,,まーすけ（2015-12-21 21:17:22）,まーすけ（2015-12-21 21:17:22）
2081,サイキ敬子,,漫画家,,1958年,,,,,,,,,,,本,まんがseek編集部（2002-11-16 15:31:03）,こうの（2015-07-20 10:24:39）
21830,佐伯淳一,,漫画家,日本,,,2000年,,,,,,,,,,daisuke（2020-11-08 16:36:14）,daisuke（2021-02-07 17:33:46）
2080,さいきなおこ,,小説家;漫画家,,1968年2月11日 (56歳),神奈川県,1986年,,,映画;動物;風景写真,,,,,,本,まんがseek編集部（2002-11-16 15:31:03）,こうの（2015-07-20 10:24:27）
11070,さいきまこ,,漫画家,,,,2000年,貧困ジャーナリズム大賞(特別賞)〔2014年〕「陽のあたる家〜生活保護に支えられて〜」,,,,http://twitter.com/saikimako,,,,ウートピ,こうの（2015-07-29 21:48:13）,こうの（2015-07-29 21:48:13）
16215,斉木優,,漫画家,,10月28日,,,,,,,,,,,,トファナ水（2016-11-12 21:30:07）,ゲスト（2022-10-28 16:18:34）
2778,采木由仁,サイキユニ,漫画家,日本,,,,,,,,,,,,,まんがseek編集部（2003-12-19 16:55:12）,daisuke（2021-02-07 17:38:31）
22551,サイキユニ,采木由仁,漫画家,日本,,,,,,,,,,,,,daisuke（2021-02-07 17:37:48）,daisuke（2021-11-03 14:49:47）
6080,才木良太,,漫画家,,1959年,,,,,,,,,,,本,まんがseek編集部（2002-11-16 15:31:03）,こうの（2015-07-20 10:24:12）
9375,斉木和也,,,,,,,,,,,,,,,,まんがseek編集部（2007-07-13 21:47:19）,こうの（2015-07-20 10:27:28）
4185,サイクロン猿橋,,漫画家,,,,,,,,,,,,,,まんがseek編集部（2002-11-16 15:31:03）,もりざる（2018-10-03 21:03:20）
26963,紗池晃久,,漫画家,,,,,,,,,,,,,,もりざる（2023-11-22 00:23:21）,もりざる（2023-11-22 00:23:21）
13433,彩景でりこ,,漫画家,,,,,,,,http://sonico.info/,http://twitter.com/miccha94,,,,,まーすけ（2015-12-22 22:27:39）,まーすけ（2015-12-22 22:27:39）
730,西家ヒバリ,,漫画家,,1959年,,,,,,http://www.saruhage.com/profile/saike.html,,,,,週刊朝日'95.9.15;しりあがり寿オフィシャルサイト,まんがseek編集部（2002-11-16 15:31:03）,こうの（2015-04-06 15:05:54）
14925,Cygames,,,,,,,,,,https://www.cygames.co.jp/,http://twitter.com/Cygames_PR,,,,,トファナ水（2016-05-11 21:13:17）,もりざる（2023-11-20 22:01:25）
14556,西郷虹星,,漫画家,,,,,,,,,,,,,,もりざる（2016-03-18 22:44:15）,もりざる（2016-03-18 22:44:15）
12188,サイコパス製作委員会,,,,,,,,,,,,,,,,もりざる（2015-09-10 21:24:54）,もりざる（2015-09-10 21:24:54）
13017,彩崎廉,,漫画家;イラストレーター,,,,2005年「Strength」,"ジャンプ十二傑新人漫画賞 (第23回, 十二傑賞)〔2005年〕 「Strength」",,,,http://twitter.com/sairennn,,,,,こうの（2015-11-18 14:26:30）,こうの（2015-12-08 18:19:09）
12348,西城綾乃,,漫画家,,,,,,,,,http://twitter.com/tetsukokomuro,,,,,まーすけ（2015-09-17 12:50:40）,まーすけ（2015-09-17 12:50:40）
7598,西条うた子,,漫画家,,8月28日,,1998年「人生笑劇場」,,,ゲーム,,,,,,別コミHP,まんがseek編集部（2002-11-16 15:31:03）,ゲスト（2017-08-28 19:53:25）
731,西條栄一,たちばな薫,漫画家,日本,1965年7月31日 (58歳),,1986年,,,,http://www.hanno.jp/kt2hdfw3/top.html,,,,,,まんがseek編集部（2003-03-29 16:15:56）,こうの（2015-04-06 15:10:00）
23933,西條サトル,,漫画家;イラストレーター;ゲーム原画,,,,,,,,,http://twitter.com/saijosatoru,,,,,伏見庵（2022-02-14 17:34:26）,伏見庵（2022-02-14 17:34:26）
3183,西条じゅん,,漫画家,,1957年,広島県,,,,,,,,,,漫画,まんがseek編集部（2002-11-16 15:31:03）,もりざる（2017-07-12 19:22:32）
732,西条真二,西原青一,漫画家,,11月25日,群馬県,1992年,,,,,http://twitter.com/sinji_saijo,,http://saijoshinji.blog.fc2.com/,,広告批評'98.4;サンデー公式サイト,まんがseek編集部（2002-11-16 15:31:03）,daisuke（2023-11-25 14:55:15）
14463,西条隆男,,,,,,,,,,,,,,,,まーすけ（2016-03-11 10:34:53）,まーすけ（2016-03-11 10:34:53）
20195,西條奈加,,小説家,日本,1964年11月9日 (59歳),北海道中川郡,,"日本ファンタジーノベル大賞大賞(第17回,大賞)〔2005年〕, 中山義秀文学賞(第18回)〔2012年〕, 吉川英治文学新人賞(第36回)〔2015年〕, 直木賞(第164回)〔2021年〕",,,,,,,,,まーすけ（2019-05-03 11:32:13）,daisuke（2021-02-07 17:50:09）
3184,西条美恵子,,漫画家,,,神奈川県,,,,,,,,,,漫画,まんがseek編集部（2002-11-16 15:31:03）,こうの（2015-07-20 10:23:11）
19452,財政ろろ,,漫画家,,,,,,,,,http://twitter.com/zaiseiroro,,,,,ゲスト（2018-06-04 06:42:20）,ゲスト（2018-06-04 06:42:20）
16673,西造,,漫画家,,,,,,,,,,,http://actout.ni-3.net/,,,ゲスト（2017-01-23 03:01:29）,ゲスト（2017-01-23 03:01:29）
11531,彩田あきら,,漫画家;イラストレーター,,,,,,,,,,,,,,ゲスト（2015-08-14 14:36:32）,ゲスト（2015-08-14 14:36:32）
15795,斉田えじわ,,漫画家,,,,,,,,http://saidaea.tumblr.com/,http://twitter.com/eziwa,,,,,トファナ水（2016-09-11 09:32:45）,トファナ水（2016-09-11 09:32:45）
26929,さいだ一明,,,,,,,,,,,http://twitter.com/saida_kazuaki,,,,,gvirus（2023-11-20 00:57:21）,gvirus（2023-11-20 00:57:21）
16222,再田ニカ,,漫画家,,,,,,,,http://saidanica.tumblr.com/,http://twitter.com/saidanica,,http://zigokuchan.blog.fc2.com/,,,トファナ水（2016-11-12 22:42:50）,トファナ水（2016-11-12 22:42:50）
18567,斎田晴子,,棋士,,1966年12月4日 (57歳),神奈川県横須賀市,,,,,,,,,,,もりざる（2018-01-21 14:37:47）,もりざる（2018-01-21 14:37:47）
733,才谷ウメタロウ,バッキン,漫画家,日本,1972年7月14日 (51歳),福島県,,,,,,http://twitter.com/saitaniume,,http://saitaniume.blog.fc2.com/,,,まんがseek編集部（2002-11-16 15:31:03）,daisuke（2021-01-15 19:08:11）
16704,才谷屋龍一,,漫画家,,,大阪府,,,,,http://www5.plala.or.jp/umetaro/,http://twitter.com/xxsaitaniyaxx,,https://saitaniya.blog.ss-blog.jp/,,,ゲスト（2017-02-02 17:08:20）,ゲスト（2021-10-28 11:29:49）
15688,財団法人日本防火協会,,,,,,,,,,http://www.n-bouka.or.jp/,http://twitter.com/bouka_bousai,,,,,まーすけ（2016-08-26 19:35:41）,まーすけ（2016-08-26 19:35:41）
14609,西津大貴,,,,,,,,,,,,,,,,もりざる（2016-03-22 20:07:57）,もりざる（2016-03-22 20:07:57）
17979,さいとー栄,,漫画家,,11月28日,,,,,,http://sakae.tank.jp/,http://twitter.com/puru_sakae,,,,,ゲスト（2017-11-02 16:17:21）,ゲスト（2017-11-02 16:17:21）
26405,斉藤章佳,,精神保健福祉士;社会福祉士,,1979年,,,,,,,,,,,,もりざる（2023-08-16 22:52:20）,daisuke（2023-10-22 16:25:19）
8735,さいとうあきら,斎藤あきら,漫画家,,1937年11月1日 (86歳),,「一丁目一番地」,,,,,,,,,,まんがseek編集部（2007-06-18 21:33:00）,daisuke（2023-11-01 12:50:29）
6081,斎藤あきら,斎藤昭,漫画家,,1937年11月1日 (86歳),,「一丁目一番地」,,,,,,,,,本,まんがseek編集部（2002-11-16 15:31:03）,daisuke（2023-11-01 12:53:10）
12452,斎藤昭,斎藤あきら,漫画家,,1937年11月1日 (86歳),,「一丁目一番地」,,,,,,,,,,ゲスト（2015-09-25 11:27:25）,ゲスト（2015-09-25 11:27:25）
14892,斉藤いくみ,,漫画家,日本,,,,,,,,http://twitter.com/potiponn,,,,,もりざる（2016-05-08 00:44:22）,daisuke（2021-01-24 21:23:47）
3202,斉藤いとこ,,漫画家,,5月5日,東京都,1992年,,,,,,,,,白泉社HP,まんがseek編集部（2002-11-16 15:31:03）,こうの（2015-07-20 10:23:22）
6082,斉藤伊吉子,,小説家;漫画家,,,,,,,パソコン通信,,,,,,本,まんがseek編集部（2002-11-16 15:31:03）,こうの（2015-07-20 10:24:03）
13199,斉藤羽凧,,漫画家,日本,,,2015年「イチニツイテよーいドン!」,"THE GATE (第1回, ツジトモ賞)〔2015年〕 「イチニツイテよーいドン!」",,,,http://twitter.com/fiBmWF6T3ToCmWk,,,,,こうの（2015-12-08 12:19:09）,daisuke（2021-02-07 17:55:37）
11935,斎藤栄一,斉藤栄一,漫画家,日本,1957年10月21日 (66歳),秋田県能代市二ツ井町,1975年「ワイルドくん」,"藤子不二雄賞 (第3回, 佳作)〔1982年〕 「パンパカパールド」 （斉藤栄一として）",,ファミコン;プラモづくり,https://nanasikikoubou.com/,http://twitter.com/nanashikikoboh,,https://nanasiki-koubou.at.webry.info/,,,ゲスト（2015-09-01 12:08:51）,もりざる（2016-10-03 12:18:03）
3189,西東栄一,斉藤栄一,漫画家,日本,1957年10月21日 (66歳),秋田県能代市二ツ井町,1975年「ワイルドくん」,"藤子不二雄賞 (第3回, 佳作)〔1982年〕 「パンパカパールド」 （斉藤栄一として）",,ファミコン;プラモづくり,https://nanasikikoubou.com/,http://twitter.com/nanashikikoboh,,https://nanasiki-koubou.at.webry.info/,,,まんがseek編集部（2003-04-12 11:57:05）,もりざる（2016-05-20 00:35:10）
5303,斉藤栄一,さかえはじめ,漫画家,日本,1957年10月21日 (66歳),秋田県能代市二ツ井町,1975年「ワイルドくん」,"藤子不二雄賞 (第3回, 佳作)〔1982年〕 「パンパカパールド」",,ファミコン;プラモづくり,https://nanasikikoubou.com/,http://twitter.com/nanashikikoboh,,https://nanasiki-koubou.at.webry.info/,,本,まんがseek編集部（2002-11-16 15:31:03）,daisuke（2021-01-11 12:10:47）
5184,斉藤和衛,,漫画家;デザイナー,日本,,,,,,,,http://twitter.com/kazue_s,,,,,まんがseek編集部（2002-11-16 15:31:03）,daisuke（2020-09-27 09:37:29）
5666,斎藤カズサ,,漫画家,,,佐賀県,,,,,,,,,,,まんがseek編集部（2002-11-16 15:31:03）,ゲスト（2016-06-03 04:25:39）
2082,さいとうかずと,,漫画家,,1957年,,1979年,,,,,,,,,本,まんがseek編集部（2002-11-16 15:31:03）,もりざる（2018-01-27 00:03:13）
14328,斉藤佳素理,蜈蚣Melibe,漫画家,,,,,,,ヤスデ、ムカデ、サソリ等を飼うこと,http://mpapillosa.web.fc2.com/,http://twitter.com/Melibepapillosa,,,,,トファナ水（2016-03-01 11:37:57）,daisuke（2021-06-25 13:44:25）
6083,斉藤かつみ,,漫画家,,1965年,,,,,,,,,,,本,まんがseek編集部（2002-11-16 15:31:03）,こうの（2015-07-20 10:24:03）
7997,さいとう克弥,さいとう夫婦,漫画家,日本,1968年1月30日 (56歳),東京都,1994年,,,,http://sitesaito.web.fc2.com,,,https://sitesaito.wordpress.com/,,,まんがseek編集部（2003-03-15 17:08:06）,daisuke（2023-01-30 10:33:51）
12399,斎藤かよこ,,漫画家,,1977年3月19日 (47歳),新潟県新潟市,,,,,http://cocoancafe.web.fc2.com/,http://twitter.com/cocoan_,,,,,もりざる（2015-09-20 21:37:14）,伏見庵（2020-09-06 21:35:46）
19353,斎藤キミオ,,漫画家,日本,,,,"小学館新人コミック大賞 (第81回, 少年部門・入選)〔2017年〕 「この劇場の中で…」",,,,http://twitter.com/6464abc,,,,,もりざる（2018-05-31 00:06:55）,daisuke（2021-02-13 16:31:25）
11746,斎藤くにお,,漫画家,日本,,,,,,,,,,,,,もりざる（2015-08-25 20:53:34）,daisuke（2022-11-28 09:04:10）
24626,齋藤邦雄,齋ノ邦太郎,漫画家,日本,,,,,,,,http://twitter.com/sainokunitaro,,,,公式Twitter,daisuke（2022-11-28 08:41:54）,daisuke（2022-11-28 09:04:31）
13545,斉藤邦和,戸田邦和,漫画家,日本,1969年9月16日 (54歳),東京都,,"手塚賞 (第41回, 準入選)〔1991年〕 「ROUND」 （戸田邦和として）",,MTB(マウンテンバイク),,http://twitter.com/gununukunikazu,,,,単行本,もりざる（2015-12-29 13:45:00）,もりざる（2015-12-29 13:45:00）
2084,さいとう邦子,,漫画家,日本,12月18日,新潟県,,,,,,http://twitter.com/saito925,,https://drnw.mangalog.com/,,,まんがseek編集部（2003-11-06 12:25:38）,daisuke（2021-02-07 18:10:13）
6084,斉藤圭子,,漫画家,,,,,,,,,,,,,北日’85.11.7朝,まんがseek編集部（2002-11-16 15:31:03）,こうの（2015-07-20 10:24:03）
15685,齋藤勁吾,,漫画家,,,山形県東田川郡庄内町,,,,,,http://twitter.com/saitou1218,,,,庄内日報,もりざる（2016-08-26 00:10:30）,伏見庵（2024-01-06 21:03:08）
10258,斎藤けん,,漫画家,,,,,,,,,,,,,,まーすけ（2015-07-02 15:20:23）,こうの（2015-07-02 15:20:23）
13657,サイトウケンジ,,小説家;漫画原作者,,,,,,,,,http://twitter.com/saitoro193,,http://odorigui.blog.jp/,,,まーすけ（2016-01-09 07:33:22）,まーすけ（2016-01-09 07:33:22）
5656,斎藤健次,,フリーライター,,1947年,,,,,,,,,,,,まんがseek編集部（2002-11-16 15:31:03）,まーすけ（2016-01-09 07:36:08）
7294,西塔紅一,,漫画原作者,日本,,,,,,,,,,,,,まんがseek編集部（2002-11-16 15:31:03）,daisuke（2023-05-28 18:21:15）
8695,斎藤功記,,漫画家,,,,,,,,,,,,,,まんがseek編集部（2004-01-25 23:47:47）,ゲスト（2016-02-04 16:03:14）
17668,さいとうさちこ,,漫画家,,,,,,,,,,,,,,もりざる（2017-07-13 00:55:01）,もりざる（2017-07-13 00:55:01）
6105,斉藤佐百合,,漫画家,,1964年11月,,1985年,,,,,,,,,本,まんがseek編集部（2002-11-16 15:31:03）,ゲスト（2016-02-21 22:40:20）
25405,斎藤栞,,漫画家,,,,,,,,,,,,,,もりざる（2023-03-14 02:16:20）,もりざる（2023-03-14 02:16:20）
14881,齋藤周平,,漫画家,日本,1996年5月8日 (28歳),,,,,,,http://twitter.com/saito_puuhei,,,,,もりざる（2016-05-07 20:48:30）,daisuke（2021-02-07 18:14:37）
10500,斎藤ジュリア,,漫画家,,4月13日,福島県,2009年,,,マンガ,,,,,,マーガレット公式サイト,もりざる（2015-07-11 16:25:39）,ゲスト（2016-01-15 08:56:29）
2780,斎藤純一郎,,漫画家,日本,,,,,,,,,,,,,まんがseek編集部（2003-12-19 16:56:54）,daisuke（2021-11-03 14:53:33）
17701,斎藤潤一郎,,漫画家;イラストレーター;絵本作家,日本,1980年1月15日 (44歳),,2010年,,,,,http://twitter.com/JunichiroSaito,,http://ameblo.jp/gkmdr/,,,トファナ水（2017-07-17 23:13:45）,daisuke（2021-11-03 14:53:45）
7498,斉藤順子,,漫画家,,1975年7月11日 (48歳),東京都,1994年,,,音楽鑑賞,,,,,,りぼん漫画家情報,まんがseek編集部（2002-11-16 15:31:03）,こうの（2015-07-10 00:43:14）
14765,齋藤俊介,,漫画家,,,,,"龍神賞 (第4回, 銅龍賞)〔2008年〕 「under taker」",,,,,,,,,トファナ水（2016-04-07 22:35:25）,トファナ水（2016-04-07 22:35:25）
13497,斎藤次郎,,漫画評論家;漫画原作者;教育評論家,,1939年9月3日 (84歳),,,,,,,,,,,,もりざる（2015-12-27 00:40:57）,もなか（2020-03-13 00:32:33）
23614,斎藤たかお,さいとう・たかを,劇画家;漫画家,,1936年11月3日,大阪府堺市,,"日本漫画家協会賞 (大賞) 「ゴルゴ13」 （さいとう・たかをとして）, 小学館漫画賞 (第50回, 審査委員特別賞) 「ゴルゴ13」 （さいとう・たかをとして）, 小学館漫画賞 (第21回)〔1976年〕 「ゴルゴ13」 （さいとう・たかをとして）, 文化庁メディア芸術祭 (第1回, マンガ部門・大賞)〔1998年〕 「マンガ日本の古典 太平記」 （さいとう・たかをとして）",日本漫画家協会(理事),映画鑑賞;サイクリング,,,,,,,もりざる（2021-10-02 14:51:42）,もりざる（2021-10-03 01:08:05）
16979,斎藤孝,,教育学者;作家,日本,1960年10月31日 (63歳),静岡県,,,,,http://www.kisc.meiji.ac.jp/~saito/,,,,,,ゲスト（2017-03-23 06:58:17）,daisuke（2021-11-03 14:56:15）
18553,斉藤たかし,,漫画家,日本,,,,,,,,,,,,,もりざる（2018-01-20 22:39:17）,daisuke（2021-11-03 14:56:27）
27325,さいとうたかし,,漫画家,,,,,,,,,,,,,,もりざる（2023-12-23 12:07:32）,もりざる（2023-12-23 12:07:32）
734,さいとう・たかを,斎藤たかお,劇画家;漫画家,,1936年11月3日,大阪府堺市,,"日本漫画家協会賞 (大賞) 「ゴルゴ13」, 小学館漫画賞 (第50回, 審査委員特別賞) 「ゴルゴ13」, 小学館漫画賞 (第21回)〔1976年〕 「ゴルゴ13」, 文化庁メディア芸術祭 (第1回, マンガ部門・大賞)〔1998年〕 「マンガ日本の古典 太平記」",日本漫画家協会(理事),映画鑑賞;サイクリング,,,,,,公式サイト;新現執;読売2001;人情'83;現人;漫画;人情'81;本;旺人;文芸2001;漫画家名鑑2;スポニチ'96.9.10;朝日人物,まんがseek編集部（2003-11-03 19:19:38）,もりざる（2021-10-03 01:05:27）
20751,斎藤種魚,,漫画家,,,,,,,,,,,,,,ゲスト（2020-01-03 17:17:22）,まーすけ（2020-01-03 20:48:25）
13245,斉藤たろう,,漫画家,,,,,,,,,,,,,,もりざる（2015-12-12 00:01:59）,daisuke（2020-12-04 16:40:56）
20228,斉藤太郎,,漫画家,日本,,,,"藤子不二雄賞 (第4回, 佳作)〔1982年〕 「ごろごろニャンコ」",,,,,,,,,もりざる（2019-05-05 21:09:06）,daisuke（2021-02-24 11:23:39）
25640,齋藤ちあき,,漫画家,,,,,,,,,,,,,,もりざる（2023-05-04 23:33:17）,daisuke（2023-10-19 19:59:48）
735,さいとうちほ,,漫画家,,6月29日,東京都,1982年,小学館漫画賞 (第42回)〔1997年〕 「花音」,,,,http://twitter.com/chihochat,,http://blogs.yahoo.co.jp/desk_kinpouge,,本,まんがseek編集部（2002-11-16 15:31:03）,もりざる（2015-12-08 21:56:31）
736,さいとうつかさ,,漫画家;イラストレーター,日本,4月18日,広島県尾道市,,,,,http://www.bingoyorozuya.jp/,http://twitter.com/Bingoyorozuya,,,,,まんがseek編集部（2002-11-16 15:31:03）,daisuke（2021-01-15 19:03:43）
26200,齋藤燕,ばにこー,漫画家,,10月18日,,,,,,,http://twitter.com/vanicooo,,http://blog.livedoor.jp/yatimun/,,,伏見庵（2023-07-28 22:47:11）,伏見庵（2023-07-28 22:48:32）
21292,斉藤輝彦,,漫画家,日本,,,,,,,,,,,,,daisuke（2020-08-24 10:30:34）,daisuke（2020-08-24 10:30:34）
18940,さいとうなおき,,漫画家;イラストレーター,,,山形県,,,,,,http://twitter.com/_NaokiSaito,,,,『コミックアルナ』,もりざる（2018-03-21 04:07:07）,百雲母（2022-10-25 11:54:34）
17919,斉藤尚武,,漫画家,,1978年12月27日 (45歳),茨城県勝田市,,"まんがカレッジ (佳作)〔2004年〕, 手塚賞 (第73回, 入選)〔2007年〕 「ハンマーヘッド」",,,,http://twitter.com/tuchinokorock,,,,コミックス「グランドワーフ」表紙(人物名英語),もりざる（2017-09-24 22:10:05）,もりざる（2023-12-03 10:31:07）
2779,斎藤なずな,,漫画家,,1946年,,1987年,,,,,,,,,マンガ狂につける薬21,まんがseek編集部（2002-11-16 15:31:03）,もなか（2018-01-28 09:32:34）
6106,斎藤紀之,,漫画家,,,,,"手塚賞 (第41回, 佳作)〔1991年〕 「おせっかいな剣士様」",,,,,,,,道新’91.6.19朝,まんがseek編集部（2002-11-16 15:31:03）,もりざる（2016-01-01 13:58:40）
2083,さいとうはるお,,漫画家,,,東京都昭島市,1977年「がらくた行進曲」,,,,,,,,,,まんがseek編集部（2002-11-16 15:31:03）,ゲスト（2016-10-10 07:33:10）
13172,斎藤久雄,,漫画家,,,,,"手塚賞 (第2回, 準入選)〔1971年〕 「聖なるものども」",,,,,,,,,もりざる（2015-12-05 20:18:38）,daisuke（2023-11-17 13:04:31）
7772,さいとうひさのり,,漫画家,,1963年9月4日 (60歳),,,"赤塚賞 (第27回, 佳作) 「何でもやります株式会社」",,,,,,,,めざせ漫画家!手塚・赤塚賞(1),まんがseek編集部（2002-11-16 15:31:03）,もりざる（2018-03-03 10:04:57）
25063,斉藤ヒュウ,,漫画家,,,,,,,,,http://twitter.com/saitou_hugh,,,,,もりざる（2023-01-29 18:38:19）,もりざる（2023-01-29 18:38:19）
6107,斉藤博,,漫画家,,1948年10月25日 (75歳),,1968年,"手塚賞 (第4回, 佳作)〔1972年〕 「すきやき」",,,,,,,,漫画,まんがseek編集部（2002-11-16 15:31:03）,もりざる（2024-01-10 15:24:41）
12510,斉藤凡司,,,,,,,,,,,,,,,,まーすけ（2015-10-01 14:52:15）,まーすけ（2015-10-01 14:52:15）
22484,斉藤ひろし,,脚本家,日本,1959年,,,"ディレクターズカンパニー・シナリオコンペ(佳作)〔1984年〕, シッチェス・カタロニア国際映画祭(最優秀脚本賞)〔2000年〕, 日本アカデミー賞(優秀脚本賞)〔2004年〕, 日本アカデミー賞(優秀脚本賞)〔2018年〕",,,http://hirosai.web.fc2.com/,,,http://hirosai.blog45.fc2.com/,,,daisuke（2021-02-01 12:09:19）,daisuke（2021-02-01 12:09:19）
10507,斉藤ひろみ,,,,,,,,,,,,,,,,ゲスト（2015-07-11 17:11:21）,こうの（2015-07-13 20:07:17）
2781,斎藤風味,,漫画家,日本,,,,,,,,,,,,,まんがseek編集部（2003-12-19 17:00:55）,daisuke（2021-11-13 14:14:12）
5452,斉藤富士夫,暮橋剣三郎,漫画家,,1961年5月21日 (63歳),新潟県白根市,,,,,,,,,,コミックス;新潟県出身の有名人!!,まんがseek編集部（2004-03-11 19:41:29）,もりざる（2016-12-10 20:51:03）
11562,斉籐ふみ,,漫画家,,,東京都東村山市,,,,,http://www2.hp-ez.com/hp/suzome,http://twitter.com/somemarusan,,http://fumifumi.tamaliver.jp/,,,もりざる（2015-08-16 19:35:15）,ゲスト（2017-01-06 14:19:28）
20308,齊藤真聖,,漫画家,日本,,,,,,,,,,,,,もりざる（2019-06-16 18:29:06）,daisuke（2021-02-20 12:59:11）
3205,斎藤岬,,漫画家,日本,1973年2月27日 (51歳),東京都板橋区,1995年,,,,http://saitomisaki.com/index3.html,http://twitter.com/saitomisaki,,https://saitoumisaki.blog.ss-blog.jp/,,,まんがseek編集部（2003-04-12 10:46:27）,daisuke（2021-02-27 10:19:14）
11689,サイトウミチ,,漫画家,日本,,,,,,,,http://twitter.com/Saitoh_michi,,,,,まーすけ（2015-08-21 21:18:54）,daisuke（2021-01-15 19:05:34）
740,斉藤むねお,,漫画家,,,,1984年,,,,,http://twitter.com/muneondo,,http://blogs.yahoo.co.jp/muneo_sai10,,,まんがseek編集部（2002-12-16 23:26:39）,こうの（2015-04-11 13:30:48）
25423,斎藤八呑,,漫画家,,,,,,,,,http://twitter.com/DifStwin,,,,,もりざる（2023-03-15 20:47:52）,もりざる（2023-03-15 20:47:52）
10558,斉藤ゆう,,漫画家,,11月27日,大阪府,2011年,"GET THE SUN 新人賞 (第21回, 佳作)〔2011年〕",,,,http://twitter.com/54110yu,,,,,もりざる（2015-07-12 09:54:14）,まーすけ（2017-11-30 13:15:19）
15974,サイトウユウキ,,漫画家,,,,,,,,http://furosiki.net/,http://twitter.com/saito_furosiki,,,,,もりざる（2016-10-04 15:29:09）,もりざる（2016-10-04 15:29:09）
13387,斎藤ゆうすけ,,シナリオライター;放送作家,日本,1977年5月7日 (47歳),長野県,,,A-TEAM,,http://www7b.biglobe.ne.jp/~yusuke-saito/,http://twitter.com/saito_you,,http://blog.livedoor.jp/yousks/,,,まーすけ（2015-12-21 18:26:09）,daisuke（2021-02-12 13:17:29）
18265,斉藤ゆかり,,漫画家,,,,,,,,,,,,,,もりざる（2017-11-25 21:09:54）,daisuke（2023-10-26 12:53:47）
7924,斎藤ゆずる,ダイナマイト鉄,漫画家,,1943年9月5日 (80歳),東京都,,,,,,,,,,,まんがseek編集部（2003-02-06 21:26:40）,もりざる（2023-12-21 22:15:23）
21125,さいとうりか,,漫画家;イラストレーター,日本,,,,,,,,,,,,,daisuke（2020-08-06 15:09:46）,daisuke（2021-11-03 14:59:44）
7499,彩藤りか,,漫画家,日本,1972年11月23日 (51歳),長野県,1991年「MOON -お月様の在処-」,,,散歩,,,,,,りぼん漫画家情報,まんがseek編集部（2002-11-16 15:31:03）,daisuke（2023-11-23 11:58:27）
22418,サイトウリョウ,,漫画家;イラストレーター,日本,1月7日,,,,,,,http://twitter.com/tuskryo,,,,,daisuke（2021-01-28 10:05:58）,daisuke（2021-01-28 10:05:58）
741,斉藤倫,,漫画家,,5月2日,愛知県,,,,食物繊維食品を食べる事,,http://twitter.com/rrrrins,,,,マーガレット公式サイト,まんがseek編集部（2002-11-16 15:31:03）,まーすけ（2019-08-18 09:40:53）
5112,さいとう礼見,,漫画家,,,,,,,,,,,,,,まんがseek編集部（2003-02-05 12:50:53）,こうの（2015-07-20 10:26:21）
13858,斉藤ロクロ,,漫画家,,,,,,,,,http://twitter.com/s_696,,http://696s.blog64.fc2.com/,,,まーすけ（2016-01-25 12:06:36）,まーすけ（2016-01-25 12:06:36）
3203,斉藤亜弓,,,,,,,,,,,,,,,,まんがseek編集部（2003-04-14 21:54:12）,こうの（2015-07-20 10:26:37）
3204,斉藤京子,,,,,,,,,,,,,,,,まんがseek編集部（2003-05-10 11:12:20）,こうの（2015-07-20 10:25:15）
7273,斉藤栄,,,,1933年,東京,,,,,,,,,,,まんがseek編集部（2003-04-14 22:07:48）,こうの（2015-07-20 10:26:21）
2085,さいとう民生,,,,,,,,,,,,,,,,まんがseek編集部（2002-11-16 15:31:03）,こうの（2015-07-20 10:24:53）
7995,さいとう夫婦,,,,,,,,,,http://plaza22.mbn.or.jp/~saitofufu/,,,,,,まんがseek編集部（2003-03-15 16:59:35）,ゲスト（2015-12-05 16:25:08）
11267,さいとう・プロ,,,,,,,,,,https://www.saito-pro.co.jp/,http://twitter.com/saitoproduction,,,,,もりざる（2015-08-05 23:09:36）,もりざる（2023-07-31 16:18:26）
27914,サイトウマド,,漫画家,,,,,,,,,,,,,,もりざる（2024-02-11 13:28:26）,もりざる（2024-02-11 13:28:26）
19602,サイトウマン,,漫画家,,,,,,,,,,,,,,もりざる（2018-08-19 22:39:10）,もりざる（2018-08-19 22:39:10）
7161,斉藤よしみ,,,,,,,,,,,,,,,,まんがseek編集部（2002-11-16 15:31:03）,こうの（2015-07-20 10:23:37）
22894,saitom,,漫画家;イラストレーター,日本,,,,,,,http://chromaofwall.com/,http://twitter.com/_saitom_,,,,,伏見庵（2021-03-17 09:49:28）,daisuke（2021-03-17 21:04:07）
24974,さいにゃん,,漫画家,,,,,,,,,http://twitter.com/sainyan7,,,,,百雲母（2023-01-21 22:42:32）,百雲母（2023-01-21 22:42:32）
20084,齋ノ邦太郎,齋藤邦雄,漫画家,日本,,,,,,,,http://twitter.com/sainokunitaro,,,,,もりざる（2019-03-16 12:04:59）,daisuke（2022-11-28 08:45:21）
22811,彩野たまこ,,漫画家,,,,,,,,,,,,,,伏見庵（2021-03-06 21:28:22）,伏見庵（2021-03-06 21:28:22）
24116,洒乃渉,,イラストレーター,,,,,,,,,,,,,,伏見庵（2022-05-02 13:56:05）,伏見庵（2022-05-02 13:56:05）
17829,サイバーステップ,,,,,,,,,,https://secure.cyberstep.jp/,http://twitter.com/cyberstepJP,,,,,ゲスト（2017-09-04 15:01:22）,ゲスト（2018-10-16 08:13:07）
25938,SAIPACo.,,,,,,,,,,,,,,,,もりざる（2023-06-24 00:14:46）,もりざる（2023-06-24 00:14:46）
742,西原理恵子,,漫画家,,1964年11月1日 (59歳),,,"文藝春秋漫画賞 (第43回)〔1997年〕 「ぼくんち」, 手塚治虫文化賞 (第9回, 短編賞)〔2005年〕 「上京ものがたり」, 「毎日かあさん」",,,http://www.toriatama.net/,http://twitter.com/riezo0608,https://www.facebook.com/saibararieko,http://ameblo.jp/saibararieko/,,サンデー毎日'90.10.21;漫画家アニメ作家人名事典;横山隆一記念まんが館HP;「朝日新聞社インフォメーション」サイト内の「手塚治虫文化賞」ページ,まんがseek編集部（2004-07-04 22:50:13）,もりざる（2015-12-08 21:59:45）
26102,齋末,,,,,,,"モーニング月例賞 (第20回, 奨励賞)〔2022年〕 「うくひと」",,,,,,,,,もりざる（2023-07-14 20:32:42）,もりざる（2023-07-14 20:32:42）
10702,佐伊村司,,漫画家,,,香港,,ちばてつや賞 (優秀新人賞),,,,http://twitter.com/tukasai,,http://kokowanochichi1107.blog66.fc2.com/,,「COMIC RYU」サイト内プロフィール,まーすけ（2015-07-15 14:25:51）,まんがseek編集部（2015-12-12 19:54:43）
743,柴門ふみ,ケン吉,漫画家,,1957年1月19日 (67歳),徳島県徳島市,1979年「クモ男フンばる!」,"講談社漫画賞 (第7回)〔1983年〕 「P.S. 元気です、俊平」, 小学館漫画賞 (第37回, 一般向け部門)〔1992年〕 「あすなろ白書」, 「家族の食卓」",日本文芸家協会,,,,,,,人情'84;漫画;人情'81;スタジオ・ボイス'87.7;婦人公論'89.9;朝日90;文芸2001;マス96;読売2001;フジ'90.5.23;新現執92;新潮社サイトの「著者一覧」ページ,まんがseek編集部（2002-11-16 15:31:03）,daisuke（2023-11-10 16:53:06）
5643,彩也,,漫画家,,6月9日,,,,,,http://page.freett.com/sayuki/,http://twitter.com/saiyakun,,http://yaplog.jp/saiya69/,,,まんがseek編集部（2002-11-16 15:31:03）,トファナ水（2016-02-29 20:58:36）
17869,斎山綾子,杉原那月,漫画家;漫画原作者,日本,,,,,,,,,https://www.facebook.com/profile.php?id=100007106685042,,,,もりざる（2017-09-13 22:02:36）,もりざる（2017-09-13 22:02:52）
18570,西遊棋,,,,,,,,,,http://shogi.osaka/,http://twitter.com/kansaishogi,,,,,もりざる（2018-01-21 15:56:46）,daisuke（2021-01-15 18:58:40）
8273,サイレン☆ボラ夫,,,,,,,,,,,,,,,,まんがseek編集部（2003-05-23 20:58:50）,もりざる（2023-02-01 20:38:06）
8747,さいわい徹,みゆきてつ,漫画家,,12月8日,大阪府大阪市阿倍野区,「ボクはコースケくん」,"藤子不二雄賞 (第5回, 佳作)〔1983年〕 「宇宙人ピー」, 第28回日本動物児童文学賞優秀賞受賞(受賞作品 児童文学「霧の波」)",日本漫画家協会,,,http://twitter.com/miyukitetu,https://www.facebook.com/tetu.saiwai,https://ameblo.jp/misato695,,,まんがseek編集部（2004-04-10 12:00:32）,ゲスト（2019-12-20 11:55:19）
1947,歳脇将幸,,漫画家,,,兵庫県三田市,1998年「バトルフィッシュ 陸の上の魚たち」,,,,,,,,,,まんがseek編集部（2002-11-16 15:31:03）,ゲスト（2023-03-25 23:53:55）
15779,SAVAN,LINK&SAVAN,漫画家,,,,,,,,http://www.ab.auone-net.jp/~savan/,http://twitter.com/SAVAN_NAVAS,,,,,トファナ水（2016-09-08 20:48:39）,伏見庵（2021-04-21 22:08:32）
11023,Sound Horizon,,音楽ユニット,,,,,,,,http://www.soundhorizon.com/,,,,,,もりざる（2015-07-26 20:31:28）,ゲスト（2017-12-27 07:00:47）
15748,佐伯,本橋翠,漫画家,,3月16日,,,,,,,http://twitter.com/saeki316,,http://d.hatena.ne.jp/saeki-316/,,,トファナ水（2016-09-03 09:31:40）,トファナ水（2016-09-03 09:31:40）
2769,佐伯茜,,ネイリスト;漫画家,日本,1976年4月14日 (48歳),北海道,1991年「ルナ -天使の魔法使い-」,"りぼん新人漫画賞 (第27回, 佳作)〔1991年〕 「ルナ -天使の魔法使い-」",,,,,,http://xxcurtaincallxx.blog43.fc2.com/,,りぼん漫画家情報,まんがseek編集部（2004-06-08 00:53:34）,daisuke（2021-04-14 10:09:46）
22370,佐伯イチ,,漫画家;イラストレーター,日本,4月,,2008年,,,,,,,,,,daisuke（2021-01-23 12:14:18）,daisuke（2021-01-23 12:14:57）
744,佐伯かよの,一ノ瀬かおる,漫画家,,1952年3月30日,山口県萩市,1972年「世界一幸福な男の話」,"日本漫画家協会賞 (第23回, 優秀賞) 「緋の稜線」",,,https://area88.jp/kayono/,,,http://kayono.jugem.jp/,,漫画;ニッポン漫画;訃報は夫・新谷かおるの公式HP発表による;読売新聞オンライン20210920,まんがseek編集部（2002-11-16 15:31:03）,まーすけ（2021-09-21 11:44:46）
16287,佐伯泰英,,作家;写真家,,1942年2月14日 (82歳),,,,,,http://www.saeki-bunko.jp/,,,,,,もりざる（2016-11-23 18:57:03）,もりざる（2016-11-23 18:57:03）
2768,佐伯さちこ,,漫画家,,,,,,,,,,,,,,まんがseek編集部（2002-11-16 15:31:03）,こうの（2015-07-20 10:22:51）
28073,さえきしゅん,,漫画家,,,,,,,,,,,,,,もりざる（2024-02-24 16:38:58）,もりざる（2024-02-24 16:38:58）
9758,佐伯俊,,漫画家,,,,2011年「キミと私の恋愛相談」,2011年『キミと私の恋愛相談』(『ジャンプNEXT!』)でデビュー。翌年、『週刊少年ジャンプ』にて『食戟のソーマ』で連載デビュー。,,,,http://twitter.com/Syunsaeki,,,,,hayashi17（2015-01-25 15:45:52）,まーすけ（2016-07-12 22:47:58）
17235,佐伯慎一,,漫画家,,,,,ガロ新人募集 (入選)〔1972年〕 「雨の少女」,,,,,,,,,もりざる（2017-05-04 21:44:49）,もりざる（2017-05-04 21:44:49）
14741,冴木スミ,,漫画家,,8月2日,,,,,,http://kougin.web.fc2.com/db/,http://twitter.com/A62d,,http://d69on.blog48.fc2.com/,,,トファナ水（2016-04-05 14:25:36）,トファナ水（2016-04-05 14:25:36）
14208,冴樹高雄,,漫画家,,,,,,,,http://kibatora.web.fc2.com/,http://twitter.com/roriego,,http://kibatora.blog.fc2.com/,,,トファナ水（2016-02-25 21:54:07）,ゲスト（2021-04-13 05:19:41）
745,佐伯達也,,漫画家,日本,,,,,,,,,,,,,まんがseek編集部（2002-11-16 15:31:03）,daisuke（2021-01-15 18:56:34）
5750,佐伯弥四郎,,漫画家,,,,1998年,,,,,,,,,,まんがseek編集部（2002-11-16 15:31:03）,まーすけ（2016-11-14 09:55:16）
2788,冴木ゆみ,,漫画家,日本,,,,,,,,,,,,,まんがseek編集部（2003-12-17 12:37:55）,daisuke（2021-11-07 13:41:13）
23519,佐伯庸介,,小説家;司書,,,,,,,,https://note.com/saekiyou/,http://twitter.com/saekiyou,,,,,まーすけ（2021-09-19 13:38:58）,まーすけ（2021-09-19 13:38:58）
2770,佐伯律子,,漫画家,日本,,,,,,,,,,,,,まんがseek編集部（2003-12-19 16:50:25）,daisuke（2021-02-02 16:25:29）
24543,佐伯さん,,小説家,,,,,,,,,http://twitter.com/saeki_narou,,,,,百雲母（2022-11-10 11:02:10）,daisuke（2023-11-23 14:48:09）
2789,冴木奈緒,,,,,,,,,,,,,,,,まんがseek編集部（2003-04-19 16:21:01）,こうの（2015-07-20 10:25:08）
8318,佐伯由香子,,,,,,,,,,,,,,,,まんがseek編集部（2003-06-07 12:27:30）,こうの（2015-07-20 10:26:44）
16863,三枝えま,,漫画家,,,,,,,,,,,,,,トファナ水（2017-02-26 22:34:18）,トファナ水（2017-02-26 22:34:18）
746,さえぐさじゅん,,漫画家,,12月9日,東京都八王子市,,,,,http://www.sangatsukan.com/,,,http://blog.sangatsukan.com/,,,まんがseek編集部（2002-11-16 15:31:03）,こうの（2015-04-11 15:15:28）
2086,さえぐさとも,,漫画家,,,北海道南幌町,,,,,,,,,,漫画,まんがseek編集部（2002-11-16 15:31:03）,ゲスト（2016-11-17 10:08:16）
25318,三枝陽子,,漫画家,,,,,,,,,,,,,,もりざる（2023-03-05 15:32:13）,daisuke（2023-10-18 16:32:11）
2818,三枝義浩,,漫画家,,1967年,,,,,,,,,,,読み仮名は単行本にて確認。;日経’95.6.10朝,まんがseek編集部（2002-11-16 15:31:03）,もりざる（2016-12-13 02:43:33）
7401,三枝四郎,,漫画原作者,,,,,,,,,,,,,,まんがseek編集部（2002-11-16 15:31:03）,ゲスト（2015-10-12 13:42:20）
26463,冴島ユカ子,,漫画家,,,,,,,,,,,,,,もりざる（2023-08-21 22:57:27）,daisuke（2023-10-24 21:34:05）
16174,冴月ゆと,,漫画家,,11月,埼玉県,,,,,,http://twitter.com/yuto1102,,,,,トファナ水（2016-10-30 21:01:23）,トファナ水（2016-10-30 21:01:52）
24372,サエトミユウ,,小説家,,4月29日,,,,,,,http://twitter.com/saetomiyu,,,,,伏見庵（2022-09-14 23:07:23）,伏見庵（2022-09-14 23:07:23）
4889,冴凪亮,,漫画家,,11月28日,神奈川県,1998年,,,,,,,,,,まんがseek編集部（2002-11-16 15:31:03）,もりざる（2017-05-25 23:08:41）
28212,さえわたる,久富慎太郎,漫画家,,12月7日,,,,,,,http://twitter.com/hsintaro2020,,,,,伏見庵（2024-03-18 17:32:49）,伏見庵（2024-03-18 17:32:49）
4267,竿尾悟,,漫画家,日本,,,,,,,http://m-iroha.sakura.ne.jp/sao/sao-index.htm,,,,,,まんがseek編集部（2003-06-03 22:06:17）,daisuke（2021-11-03 15:04:20）
5240,蔵王大志,つだみきよ,漫画家,日本,1月10日,福井県,1998年,,,,http://www.kozouya.com/,,,http://blog.livedoor.jp/eiki2/,,,まんがseek編集部（2004-07-29 19:39:08）,まーすけ（2015-09-30 16:25:02）
4791,さおしか然,胡桃ちの,漫画家,日本,1966年2月4日 (58歳),岡山県津山市,1985年,,,,,http://twitter.com/sochi_buyo,,,,,まんがseek編集部（2002-11-16 15:31:03）,こうの（2015-01-01 17:21:08）
20187,サオトメ,,漫画家,,,,,,,,https://kareinoouzisama.tumblr.com/,http://twitter.com/ouzisama,,,,,もりざる（2019-05-02 23:34:23）,daisuke（2023-11-11 16:46:32）
11349,さおとめあげは,,漫画家;イラストレーター,,,,,,,,http://www.saotomeageha.com/,http://twitter.com/agehasss,,,,,もりざる（2015-08-07 20:49:36）,もりざる（2015-08-07 20:49:36）
19985,五月女康作,,診療放射線技師,日本,,,,,,,,,,,,,もりざる（2019-01-21 22:36:04）,daisuke（2021-03-15 17:13:32）
6108,早乙女民,,漫画家,,,,,"""おひさま大賞(優秀賞,第2回)""",,,,,,,,本,まんがseek編集部（2002-11-16 15:31:03）,こうの（2015-07-20 10:24:05）
3280,早乙女正幸,,,,,,,,,,,,,,,,まんがseek編集部（2002-11-16 15:31:03）,こうの（2015-07-20 10:25:02）
18831,早乙女貢,,漫画家,日本,,,,,,,,,,,,,もりざる（2018-02-25 19:39:21）,daisuke（2021-03-04 18:21:27）
23275,早乙女もこ乃,,漫画家,,,,,,,,,,,,,,伏見庵（2021-05-27 23:48:55）,伏見庵（2021-05-27 23:48:55）
26387,さおとめやぎ,,漫画家,,,,,,,,,,,,,,もりざる（2023-08-16 15:59:38）,daisuke（2023-11-17 18:52:52）
19200,紗織,,漫画家,,1989年1月12日 (35歳),熊本県,2008年「小学生ホスト ポチ」,,,,,,,,,,もりざる（2018-05-23 19:01:01）,もりざる（2024-02-24 21:39:07）
9097,S@ORI,,,,,,,,,,,,,,,,まんがseek編集部（2004-07-17 13:56:42）,こうの（2015-07-20 10:27:15）
26302,坂,,小説家,,,,,,,,,http://twitter.com/sonnamasaka0,,,,,伏見庵（2023-08-07 21:56:45）,伏見庵（2023-08-07 21:56:45）
754,嵯峨栗生,,ゲームクリエイター;漫画家,日本,1969年4月18日 (55歳),,,,,,https://sorayatokyo.tumblr.com/,http://twitter.com/sorayasaga,,,,,まんがseek編集部（2002-11-16 15:31:03）,daisuke（2021-02-07 18:57:38）
20108,嵯峨仙,,漫画原作者,,,,,,,,,,,,,,もりざる（2019-04-07 10:56:33）,もりざる（2019-04-07 10:56:33）
14576,佐賀たけお,,漫画家,日本,,,,,,,,,,,,,もりざる（2016-03-20 14:22:15）,daisuke（2021-02-19 13:03:51）
760,さがみゆき,,漫画家,,,京都府,,,,,,,,,,漫画,まんがseek編集部（2004-03-15 16:00:07）,百雲母（2023-03-02 15:00:35）
27432,さかいあい,,漫画家,,,,,,,,,,,,,,もりざる（2024-01-02 15:20:58）,もりざる（2024-01-02 15:20:58）
20536,酒井あきよし,,脚本家,,1942年,,,,,,,,,,,,もりざる（2019-07-26 20:53:20）,もりざる（2019-07-26 20:53:20）
10397,酒井敦朗,,漫画家;漫画原作者,日本,,,,"手塚賞 (第87回, 準入選)〔2014年〕",,,,,,,,,こうの（2015-07-08 07:56:41）,daisuke（2021-01-29 19:23:17）
8302,坂井恵理,,漫画家,,4月27日,埼玉県,1994年「未来のイヴ」,,,,,http://twitter.com/erisakai,,http://sakaieri.blog33.fc2.com/,,,まんがseek編集部（2003-07-09 16:21:39）,もりざる（2019-03-23 20:13:39）
10345,坂井音太,,漫画原作者,,,,,,,,,http://twitter.com/sakaionta,,,,,もりざる（2015-07-05 11:44:03）,まーすけ（2016-01-29 12:59:50）
2798,堺紀世,,漫画家,,,,,,,,,,,,,,まんがseek編集部（2003-12-26 14:57:34）,こうの（2015-07-20 10:28:22）
747,坂井久仁江,国枝彩香,漫画家,,1964年6月2日 (59歳),,1983年,,,,,,,,,生年月日は「雨の日は恋をする」文庫版より,まんがseek編集部（2003-03-29 22:58:55）,もりざる（2017-06-01 21:15:37）
27133,坂井こう,,漫画家,,,,,,,,,,,,,「I WILL ROCK YOU」,もりざる（2023-12-03 10:18:06）,もりざる（2023-12-03 10:18:06）
6109,坂井貞夫,,漫画家;エッセイスト,,1939年3月1日 (85歳),,,"ベルギー国際漫画大賞〔1984年〕, サバンチュイ国際漫画コンテストグランプリ(ソ連)〔1991年〕",日本漫画家協会,,,,,,,漫画;中日’84.7.18朝;読売99;日本漫画家協会HP,まんがseek編集部（2002-11-16 15:31:03）,こうの（2015-07-20 10:23:17）
13106,酒井サユリ,越智さゆり,漫画家;イラストレーター,日本,3月1日,石川県,,,,,http://mashmash.ojaru.jp/,http://twitter.com/otisayuri,,,,,まーすけ（2015-11-30 14:05:20）,daisuke（2021-03-01 09:56:26）
4108,酒井さゆり,越智さゆり,漫画家;イラストレーター,日本,3月1日,石川県,,,,,http://mashmash.ojaru.jp/,http://twitter.com/otisayuri,,,,公式サイト,まんがseek編集部（2002-11-16 15:31:03）,daisuke（2021-03-01 10:05:04）
3913,酒井七馬,,漫画家,,1905年4月26日,大阪府,,,,,,,,,,ニッポン漫画家名鑑,まんがseek編集部（2002-11-16 15:31:03）,ごんぱしん（2015-12-10 22:06:04）
23357,堺しょうきち,,漫画家,,,,,,,,,http://twitter.com/oshony,,,,,伏見庵（2021-07-08 21:18:28）,百雲母（2023-01-13 01:08:16）
6967,坂井せいごう,坂井正剛,漫画家,,1929年10月30日 (94歳),,,"日本漫画家協会賞 (第25回, 優秀賞)〔1996年〕 （坂井正剛として）, モントリオール国際漫画サロン(2位)〔1985年〕, オランダ国際漫画祭(特別賞)〔1987年〕",日本漫画家協会;FECOヨーロッパ漫画家連盟,,,,,,,,まんがseek編集部（2002-11-16 15:31:03）,daisuke（2023-10-30 14:23:34）
6110,坂井正剛,坂井せいごう,漫画家,,1929年10月30日 (94歳),,,"日本漫画家協会賞 (第25回, 優秀賞)〔1996年〕, モントリオール国際漫画サロン(2位)〔1985年〕, オランダ国際漫画祭(特別賞)〔1987年〕",日本漫画家協会;FECOヨーロッパ漫画家連盟,,,,,,,人情’84;漫画;日本漫画家協会HP,まんがseek編集部（2002-11-16 15:31:03）,こうの（2015-12-13 11:24:34）
6111,酒井大安,,漫画家,,1917年,福島県,,,,,,,,,,漫画,まんがseek編集部（2002-11-16 15:31:03）,こうの（2015-07-20 10:24:25）
23693,酒井大輔,,漫画家,,,,,,,,https://note.com/dsakai/,http://twitter.com/sakai0129,,,,,ゲスト（2021-11-08 01:34:24）,ゲスト（2021-11-08 01:34:24）
4121,坂井孝行,,漫画家,日本,1964年,福岡県,,"藤子不二雄賞 (第10回, 佳作)〔1985年〕, スピリッツ賞 (第1回, 準スピリッツ賞)〔1989年〕",,,,http://twitter.com/takayuk,,,,,まんがseek編集部（2002-11-16 15:31:03）,daisuke（2021-01-20 23:46:12）
22788,逆井卓馬,,ライトノベル作家,日本,,,,"電撃小説大賞(第26回,金賞)〔2019年〕",,,,http://twitter.com/HMRG0,,,,,daisuke（2021-03-02 14:05:30）,daisuke（2021-03-02 14:05:30）
20237,酒井だんご,酒井だんごむし,漫画家,,,,,,,,,http://twitter.com/sa_dango,,http://ameblo.jp/sakaidangomusi/,,,もりざる（2019-05-11 22:46:47）,もりざる（2019-05-11 22:46:47）
16516,酒井だんごむし,酒井だんご,漫画家,,,,,,,,,http://twitter.com/sa_dango,,http://ameblo.jp/sakaidangomusi/,,,ゲスト（2016-12-22 16:41:12）,ゲスト（2016-12-22 16:41:12）
19991,酒井義,,漫画原作者;モデル;劇作家,日本,,,,,,,,http://twitter.com/tsutsutsu2310,,,,,もりざる（2019-01-28 19:23:18）,daisuke（2021-01-10 19:24:14）
23714,坂井なゆ太,高野いつき,漫画家,,,,,,,,https://yukihotaru3791.jimdofree.com/,http://twitter.com/taka_itu,,,,,百雲母（2021-11-28 11:24:09）,百雲母（2021-11-28 11:24:09）
748,堺はまち,,漫画家,,10月31日,大阪府堺市,,,,,http://kohakutei.jp/,http://twitter.com/sakai_hamachi,,http://kohakutei.blog4.fc2.com/,,オフィシャルサイト,まんがseek編集部（2002-11-16 15:31:03）,まーすけ（2015-10-26 10:00:18）
11073,酒井伴四郎,,,,,,,,,,,,,,,,もりざる（2015-07-29 22:10:37）,もりざる（2015-07-29 22:10:37）
22054,酒井ヒロヤス,,漫画家;イラストレーター,,,,,,,,,,,,,,伏見庵（2020-12-14 22:03:01）,伏見庵（2020-12-14 22:03:01）
24443,境政雄,,漫画家,,6月17日,,,,,,,http://twitter.com/Yozakura_mainB,,,,,百雲母（2022-10-13 11:13:15）,百雲母（2024-01-27 17:12:58）
7500,酒井まゆ,,漫画家,,1982年1月7日 (42歳),東京都福生市,2000年「プライマル・オレンジ」,"りぼんNEW漫画スクール (第371回, 佳作), S・B賞 (第76回)",,MD編集,,http://twitter.com/mayupon107,,http://ameblo.jp/nurumayu-pon/,,りぼん漫画家情報,まんがseek編集部（2004-06-04 21:43:11）,ゲスト（2016-01-07 11:59:05）
6909,酒井美詠子,,漫画家,,3月18日,長野県,1993年,,,,,,,,,ぱふ’97.2,まんがseek編集部（2002-11-16 15:31:03）,こうの（2015-07-20 10:23:28）
23676,さかい道夫,増田政二,漫画家,日本,1951年2月10日 (73歳),,1969年,,,,,http://twitter.com/Ipodsuki,,https://ameblo.jp/mukasi1951/,,,daisuke（2021-11-03 14:20:55）,daisuke（2021-11-03 14:20:55）
749,酒井美羽,,漫画家,,1956年2月23日 (68歳),神奈川県,1978年,"アテナ大賞 (第2回, 第2席)〔1977年〕, 文化庁メディア芸術祭 (第1回, マンガ部門・大賞)〔1998年〕 「マンガ日本の古典 春色梅児誉美」",,,,,,http://miwasakai.exblog.jp/,,漫画;漫画家名鑑500,まんがseek編集部（2003-05-20 21:51:03）,もりざる（2015-12-08 22:04:58）
21930,さかいゆうすけ,,漫画家,日本,,,,,,,,,,,,,daisuke（2020-11-23 12:03:02）,daisuke（2020-11-23 12:03:02）
28089,酒井ゆかり,,漫画家,,,,,,,,,,,,,,もりざる（2024-02-26 20:30:50）,もりざる（2024-02-26 20:30:50）
6113,酒井ゆきお,,漫画家,,1956年2月16日 (68歳),,1977年,,,,,,,,,本,まんがseek編集部（2002-11-16 15:31:03）,もりざる（2016-03-17 21:58:37）
20736,酒井ようへい,,漫画家,日本,,,,,,,,,,,,,もりざる（2020-01-01 15:43:52）,daisuke（2020-12-04 17:00:45）
7355,坂井三郎,,,,,,,,,,,,,,,,まんがseek編集部（2002-11-16 15:31:03）,こうの（2015-07-20 10:24:26）
22800,坂石遊作,,ライトノベル作家,日本,,,,,,,,http://twitter.com/o00oxo00o,,,,,daisuke（2021-03-04 13:47:36）,daisuke（2021-03-04 13:47:36）
6114,境田昭造,,漫画家,,1927年4月6日,,,,日本漫画家協会,,,,,,,"""人情’83;漫画;読売91;文芸91;平人(さかいた・しょうぞう,昭3.3.26生);週刊新潮’92.12.12""",まんがseek編集部（2002-11-16 15:31:03）,もりざる（2017-09-07 16:39:34）
5407,坂井貴之,,,,,,,,,,,,,,,,まんがseek編集部（2002-11-16 15:31:03）,こうの（2015-07-20 10:26:06）
8155,酒井直行,,,,,,,,,,,,,,,,まんがseek編集部（2003-04-16 13:28:56）,こうの（2015-07-20 10:26:37）
5349,坂井ユウキ,,,,,,,,,,,,,,,,まんがseek編集部（2002-11-16 15:31:03）,こうの（2015-07-20 10:26:04）
11542,さかえはじめ,斉藤栄一,漫画家,日本,1957年10月21日 (66歳),秋田県能代市二ツ井町,1975年「ワイルドくん」,"藤子不二雄賞 (第3回, 佳作)〔1982年〕 「パンパカパールド」 （斉藤栄一として）",,ファミコン;プラモづくり,https://nanasikikoubou.com/,http://twitter.com/nanashikikoboh,,https://nanasiki-koubou.at.webry.info/,,,ゲスト（2015-08-15 16:33:29）,まーすけ（2015-09-01 12:18:31）
19080,栄田健人,,漫画家,日本,,,,,,,,http://twitter.com/KentoSakaeda,,,,,もりざる（2018-05-05 10:19:08）,daisuke（2021-01-22 18:06:49）
28262,さかえねお,,漫画家,,,,2024年「オタクにやさしい♥オタクギャル」,,,,,http://twitter.com/sakaetenaidesu3,,,,,伏見庵（2024-04-13 22:52:05）,伏見庵（2024-04-13 22:54:30）
12599,坂岡真,,小説家,,,,,,,,,,,,,,まーすけ（2015-10-09 18:52:18）,まーすけ（2015-10-09 18:52:18）
7923,坂丘のぼる,鴨林源史,漫画家,,,,,,,,,,,http://blogs.yahoo.co.jp/noboti3garden,,,まんがseek編集部（2003-11-05 17:25:25）,もりざる（2016-01-31 12:11:25）
18216,サカガキ,,漫画家,,10月20日,,,,,,,http://twitter.com/ablbex,,,,,もりざる（2017-11-25 00:58:02）,もりざる（2017-11-25 00:58:02）
15433,坂上くん,,漫画家,,,,2016年「DAMAISM」,,,,,,,,,,トファナ水（2016-07-24 21:37:00）,トファナ水（2016-07-24 21:45:09）
4039,酒川郁子,,漫画家;イラストレーター,日本,6月14日,東京都東村山市,,,,,,,https://www.facebook.com/ikuko.sakagawa,http://munzu.exblog.jp/,,公式サイト;Facebookページ;Wikipedia,まんがseek編集部（2002-11-16 15:31:03）,daisuke（2023-06-14 17:21:14）
14640,榊,,漫画家,,2月15日,,,,,,http://www10.big.or.jp/~no27/,http://twitter.com/sakaki27,,,,,まーすけ（2016-03-23 19:11:10）,百雲母（2020-10-31 11:35:36）
14104,さかきいずみ,,漫画家;AV男優;AV監督;AVメーカー経営,,,,,,,,,,,http://shiruou.cocolog-nifty.com/blog/,,本人経歴http://shiruou.cocolog-nifty.com/about.html;漫画家としての著作http://www.milky-cat.com/main/manga/,トファナ水（2016-02-21 11:53:15）,トファナ水（2016-02-21 11:53:15）
9892,榊一郎,,小説家,,,,,,,,,http://twitter.com/ichiro_sakaki,,http://ugougonet.blog32.fc2.com/,,,まーすけ（2015-06-11 18:34:54）,こうの（2015-06-11 18:34:54）
15343,榊カルラ,,漫画家,,,,2016年「CALL」,"新潮社漫画大賞 Rookie @ GO GO!! (第13回, 入賞)〔2016年〕 「CALL」",,,,http://twitter.com/xxxS_Karura,,,,,トファナ水（2016-07-09 22:23:26）,トファナ水（2016-07-09 22:25:55）
9864,榊健滋,,漫画家,,,,,,,,,,,,,,まーすけ（2015-06-08 18:25:12）,もりざる（2023-11-25 09:07:32）
16261,榊こつぶ,榊間おつぶ,漫画家,,,,,,,,,http://twitter.com/otsubu777,,http://otsubu.jugem.jp/,,,もりざる（2016-11-19 22:16:11）,もりざる（2016-11-19 22:16:11）
13971,さかきしん,,漫画家,,,,,,,,,http://twitter.com/kintokishigure2,,,,,もりざる（2016-02-02 22:17:17）,ゲスト（2019-03-02 16:36:39）
22649,榊蒼十郎,,漫画家,日本,1979年4月6日 (45歳),静岡県袋井市,,,,,,http://twitter.com/doudemoiisakaki,,,,,daisuke（2021-02-16 11:41:25）,daisuke（2021-02-16 11:41:25）
10878,坂木司,,小説家,,,,,,,,,,,,,,まーすけ（2015-07-21 20:18:01）,こうの（2015-07-21 20:18:01）
14322,さかきなおもと,,漫画家,,6月10日,,,,,,,http://twitter.com/N_Sakakin,,http://www.m-factory.com/,,,トファナ水（2016-03-01 10:35:08）,もりざる（2019-07-14 18:43:08）
28116,沙垣長子,,漫画家,,,,,,,,,,,,,,伏見庵（2024-02-28 23:01:22）,伏見庵（2024-02-28 23:01:22）
17169,榊ヘヌウ,,漫画原作者,,,,,,,飛行機,,http://twitter.com/henuhenyo,,http://henux.blog69.fc2.com/,,,もりざる（2017-04-26 19:43:11）,ゲスト（2017-05-03 15:48:58）
5011,榊まさる,,漫画家;劇画家,,1950年1月16日 (74歳),福岡県直方市,1970年,,,,,,,,,東京漫画出版刊『露子の墓』作者紹介,まんがseek編集部（2002-11-16 15:31:03）,もりざる（2018-01-16 19:42:38）
751,榊村正,,,,,,,,,,http://sakakimuramasa.sakura.ne.jp/,,,,,,まんがseek編集部（2002-11-16 15:31:03）,こうの（2015-04-12 09:46:06）
24782,坂木持丸,,ライトノベル作家,日本,,,,,,,,,,,,,daisuke（2023-01-13 18:31:29）,daisuke（2023-01-13 18:31:29）
2799,榊ゆうか,,漫画家,,6月8日,東京都,,,,本屋巡り,,http://twitter.com/sakaki_yuuka,,http://blog.livedoor.jp/cool_ribon/,,マーガレット公式サイト,まんがseek編集部（2002-11-16 15:31:03）,ゲスト（2017-06-08 14:35:03）
9691,榊涼介,,,,,,,,,,,,,,,,まーすけ（2015-01-01 14:15:24）,こうの（2015-01-14 14:41:40）
750,榊原薫奈緒子,,漫画家,日本,1975年7月26日 (48歳),,,,,,,,,,,,まんがseek編集部（2002-11-16 15:31:03）,daisuke（2021-06-16 13:46:48）
12038,榊原宗々,,漫画家,日本,5月16日,,,,,,,http://twitter.com/sou2sakakibara,,,,,もりざる（2015-09-05 17:15:44）,daisuke（2021-02-07 18:44:32）
2800,榊原隆,,,,,,,,,,,,,,,,まんがseek編集部（2003-12-26 14:47:07）,こうの（2015-07-20 10:28:31）
9629,榊原麻里子,,作家,,,,,,,,,,,,,,まーすけ（2014-12-17 18:15:39）,daisuke（2023-10-23 17:10:32）
12901,榊原瑞紀,,漫画家;イラストレーター,,,,,,,,http://plaza.across.or.jp/~mizuki-s/,http://twitter.com/miz1991,,http://mophat.blog62.fc2.com/,,,まーすけ（2015-11-10 19:06:12）,まーすけ（2015-11-10 19:07:55）
27886,榊原モンショー,,,,,,,,,,,,,,,,もりざる（2024-02-10 20:26:36）,もりざる（2024-02-10 20:26:36）
12940,坂木原レム,,漫画家,日本,1978年7月3日 (45歳),,2007年「モンスターキネマトグラフ」,,,,http://sakakibara-rem.com/,http://twitter.com/remsaka,,https://remworks.tumblr.com/,,,もりざる（2015-11-13 20:32:23）,こうの（2021-11-21 19:24:28）
16260,榊間おつぶ,榊こつぶ,漫画家,,,,,,,,,http://twitter.com/otsubu777,,http://otsubu.jugem.jp/,,,もりざる（2016-11-19 22:15:08）,もりざる（2016-11-19 22:15:08）
13429,阪口亜樹,,漫画家,,,,,,,,,,,,,,こうの（2015-12-22 18:07:16）,こうの（2015-12-22 18:07:16）
20859,坂口安吾,,小説家;評論家;随筆家,日本,1906年10月20日,,,,,,,,,,,,もなか（2020-04-05 16:42:41）,もなか（2020-04-05 16:42:41）
752,坂口いく,,漫画家;漫画原作者,日本,12月31日,神奈川県,,"手塚賞 (第23回, 佳作)〔1982年〕",,,,,,,,,まんがseek編集部（2002-11-16 15:31:03）,daisuke（2020-12-30 16:46:16）
26418,坂口大学,,脚本家,,,,,,,,,,,,,,もりざる（2023-08-19 21:34:22）,daisuke（2023-11-17 12:56:41）
27055,坂口龍狼,,漫画家,,,,,,,,,,,,,作品扉(人物名英語),もりざる（2023-11-25 19:53:29）,もりざる（2023-11-25 19:53:29）
19585,さかぐち直美,,漫画家,日本,,,,,,,,,,,,,もりざる（2018-08-10 16:48:11）,daisuke（2021-02-25 10:50:48）
753,坂口尚,ハンマー・坂口,漫画家;アニメーター,日本,1946年5月5日,東京都,1969年,"日本漫画家協会賞 (第25回, 優秀賞)〔1996年〕 「あっかんべェ一休」",,,http://www.hisashi-s.jp/,http://twitter.com/gogokaze,,,,「ぱふ」1980年11月号 坂口尚追悼文集未来へ…;漫画;朝日'96.2.3朝,まんがseek編集部（2002-11-16 15:31:03）,daisuke（2021-02-12 20:32:09）
10072,さかぐちまや,,漫画家,日本,,,,,,,,http://twitter.com/SAKAGUCHIMAYA,,,,,もりざる（2015-06-26 13:40:07）,daisuke（2021-01-15 18:55:24）
19151,坂口蜜柑,,漫画家;イラストレーター,,2月6日,,,,,,,http://twitter.com/tirolbunko,,http://tirolbunko.blog96.fc2.com/,,,もりざる（2018-05-16 23:47:29）,百雲母（2021-01-23 11:12:46）
9012,坂口優美,,漫画家,日本,3月16日,,1996年「星になりたい」,,,,,,,,,紀伊國屋書店サイト「わたし、だまされました。ー告発!ネットワーク・ビジネス」商品ページ,まんがseek編集部（2004-05-14 17:25:39）,daisuke（2021-03-16 10:42:48）
7501,さかぐち夕海,,漫画家,,1976年3月16日 (48歳),福岡県,1996年,,,お菓子作り,,,,,,りぼん漫画家情報,まんがseek編集部（2002-11-16 15:31:03）,こうの（2015-07-20 10:24:45）
6115,坂口良,,漫画家,,1958年,,,秋田書店プレイコミック新人賞,,,,,,,,サンデー毎日’97.9.7;西日’97.9.12朝,まんがseek編集部（2002-11-16 15:31:03）,こうの（2015-07-20 10:23:15）
8292,坂口時継,,漫画家,,,,,,,,,,,,,,まんがseek編集部（2003-05-28 20:30:32）,こうの（2015-07-20 10:26:43）
6886,さかこし憲周,,漫画家,,1965年2月11日 (59歳),兵庫県,,,,バイク,,,,,,BJ連載作品・作家のお部屋,まんがseek編集部（2002-11-16 15:31:03）,こうの（2015-07-20 10:25:05）
6116,逆井五郎,,漫画家,,1957年,千葉県,1970年「ズッコケ大番」,,,,,,,,,漫画,まんがseek編集部（2002-11-16 15:31:03）,もりざる（2017-04-22 20:29:40）
16666,サカザキ,,漫画家;漫画原作者,,,,,,,,http://b-b.eek.jp/s/,http://twitter.com/skzkskzk,,,,,まーすけ（2017-01-26 22:13:22）,まーすけ（2017-01-26 22:13:22）
27205,佐賀崎しげる,,,,,,,,,,,,,,,,もりざる（2023-12-09 11:00:38）,もりざる（2023-12-09 11:00:38）
15833,坂崎ふれでぃ,,漫画家;イラストレーター,,11月27日,熊本県,,,,,,http://twitter.com/lunaticmonster,,http://www8.big.or.jp/~monster/,,,トファナ水（2016-09-19 12:52:25）,トファナ水（2016-09-19 12:52:25）
23028,さかさな,,漫画家,,,,,,,,,http://twitter.com/sakasana,,,,,百江羽入（2021-04-07 18:17:29）,百江羽入（2021-04-07 18:17:29）
14995,サカズキ九,,漫画家,日本,,,,,,,http://3ka2ki9.strikingly.com/,http://twitter.com/9sakazuki,,http://3ka2ki9.strikingly.com/blog/4ce0d15bf15,,,もりざる（2016-05-18 10:19:10）,daisuke（2021-01-13 16:42:23）
25818,逆月酒乱,,イラストレーター,日本,,,,,,,,,,,,,daisuke（2023-05-31 19:59:16）,daisuke（2023-05-31 19:59:16）
25158,サカタタカシ,,漫画家,,,,,,,,,,,,,,もりざる（2023-02-01 22:08:44）,もりざる（2023-02-01 22:08:44）
4251,坂田信弘,杉乃井正樹,プロゴルファー;作家;漫画原作者,,1947年10月11日 (76歳),,,小学館漫画賞 (第39回)〔1994年〕 「風の大地」,,,,,,http://sakata-nobuhiro.jp/blog/,,サンデーまんが家BACKSTAGE;日本ゴルフツアー機構のプロフィール,まんがseek編集部（2002-11-16 15:31:03）,ゲスト（2018-01-26 15:01:43）
755,坂田靖子,,漫画家,,1953年2月25日 (71歳),石川県金沢市,1975年「再婚狂騒曲」,"文化庁メディア芸術祭 (第1回, マンガ部門・大賞)〔1998年〕 「マンガ日本の古典 堤中納言物語」",,,http://www2u.biglobe.ne.jp/~ysakata/,,,,,漫画;カドカワ'89.3,まんがseek編集部（2003-05-20 21:23:50）,もりざる（2023-02-25 23:36:39）
2087,さかたのり子,,,,,,,,,,,,,,,,まんがseek編集部（2002-11-16 15:31:03）,こうの（2015-07-20 10:24:54）
26620,逆津ツカサ,,,,,,,,,,,,,,,,daisuke（2023-10-25 22:44:58）,もりざる（2024-02-28 21:59:08）
21444,酒月ほまれ,,漫画家,日本,,,,,,,,http://twitter.com/homare_sakazuki,,,,,daisuke（2020-09-10 15:43:45）,daisuke（2020-09-10 16:14:28）
14342,佐桂蓮弥,安原司,漫画家,,10月31日,,1999年,,,競馬;ゲーム(格闘 エロ SLG等);旅行,http://homepage1.nifty.com/s-nipple/,http://twitter.com/tsukayasaka,,,,,トファナ水（2016-03-02 10:06:26）,トファナ水（2016-03-02 10:06:26）
13910,坂戸佐兵衛,,漫画原作者,日本,,,,,,,,,,,,,まーすけ（2016-01-28 13:07:00）,daisuke（2021-02-15 13:12:04）
22207,坂登陸,,漫画原作者,日本,,,,,,,,,,,,,daisuke（2021-01-10 13:12:49）,daisuke（2021-01-10 13:12:49）
17228,サカナ,,漫画家,,,,,,,,,,,,,,トファナ水（2017-05-04 19:46:37）,トファナ水（2017-05-04 19:46:37）
11331,さかなこうじ,,漫画家,日本,,滋賀県甲賀市,,,,,,http://twitter.com/osushi_survival,,,,,まーすけ（2015-08-07 11:15:07）,daisuke（2021-01-26 19:18:39）
15435,さかなクン,,大学教授;イラストレーター;タレント,,,東京都,,,,,http://www.sakanakun.com/,,https://www.facebook.com/sakanakun.official,,,,ゲスト（2016-07-25 06:58:59）,ゲスト（2017-01-28 07:22:19）
23989,さかなや,魚住さかな,漫画家,,,,,,,,https://galleria.emotionflow.com/11070/,http://twitter.com/namekyunta,,,,,百雲母（2022-03-12 17:32:17）,百雲母（2022-03-12 17:32:17）
21598,肴耶珈暖,,漫画家;小説家,,,,,,,,,,,http://blog.livedoor.jp/kadan22/,,,伏見庵（2020-09-30 23:27:58）,伏見庵（2020-09-30 23:27:58）
11526,酒菜屋なかさ,,漫画家,,,,,,,,http://nekozex.net/,http://twitter.com/sktk777,,http://koshimaga.sblo.jp/,,,もりざる（2015-08-13 22:51:15）,もりざる（2015-08-13 22:51:15）
24380,魚輪太朗,魚輪タロウ,漫画家;テクニカルライター,,1974年,,,,,,,http://twitter.com/sakanawa,,http://blog.livedoor.jp/sakanawa/,,,伏見庵（2022-09-16 23:34:57）,伏見庵（2022-09-16 23:34:57）
756,魚輪タロウ,魚輪太朗,漫画家;テクニカルライター,,1974年,,,,,,,http://twitter.com/sakanawa,,http://blog.livedoor.jp/sakanawa/,,,まんがseek編集部（2002-11-16 15:31:03）,daisuke（2021-01-15 18:54:06）
20088,嵯峨根グミ,,漫画家,,,,,,,,,,,,,,もりざる（2019-03-17 09:48:17）,もりざる（2019-03-17 09:48:17）
12761,坂野杏梨,,漫画家,,,大阪府,,,,,,http://twitter.com/sakano_a,,http://kota456.blog85.fc2.com/,,,ゲスト（2015-10-26 15:19:15）,daisuke（2023-11-12 20:50:28）
10267,サカノ景子,,漫画家;イラストレーター,,,,,,,,http://sakaya.gozaru.jp/,http://twitter.com/kei_sakano,,http://illustrationkei.blog.shinobi.jp/,,,まーすけ（2015-07-03 09:43:29）,もりざる（2015-07-26 19:24:35）
25682,坂ノ市クバル,,漫画家,日本,,,,,,,,http://twitter.com/kubal_sakanoich,,,,,もりざる（2023-05-06 00:31:31）,daisuke（2023-06-21 00:04:08）
757,サガノヘルマー,,漫画家,,1966年,,1993年「ワンパクTRIPPER」,月間新人漫画賞 (大賞)〔1991年〕,,,,,,,,SPA!'96.1.3・10,まんがseek編集部（2002-11-16 15:31:03）,もりざる（2016-06-01 22:28:28）
4990,逆柱いみり,望月勝広,漫画家,,1964年7月14日 (59歳),静岡県静岡市,1989年,,,,,http://twitter.com/Pwe3x4wPeQ9j3yA,,http://d.hatena.ne.jp/nkpmkp/,,広告批評'98.4,まんがseek編集部（2002-11-16 15:31:03）,ごんぱしん（2017-04-11 22:52:02）
758,坂辺周一,,漫画家,日本,10月,東京都,「ウナ・セラ・ディ東京」,,,,http://www.sakabe.info/,http://twitter.com/SakabeOffice,,,,,まんがseek編集部（2002-11-16 15:31:03）,ゲスト（2022-09-05 11:42:30）
26956,坂部のりこ,,漫画家,,,,,,,,,,,,,,もりざる（2023-11-21 23:04:57）,もりざる（2023-11-21 23:04:57）
11659,坂巻あきむ,,漫画家;イラストレーター,,,,,,,,,http://twitter.com/akimusan,,http://toybox2007.blog100.fc2.com/,,,まーすけ（2015-08-20 14:06:38）,ゲスト（2016-02-16 17:03:50）
12534,酒巻行里,,漫画家,,6月5日,,,"一迅社コミック大賞 (第2回, ファンタジー漫画部門・部門賞)〔2007年〕 「残灯陀羅尼」",,,,,,http://yaplog.jp/n-route06/,,,やなこ（2015-10-05 23:48:27）,やなこ（2015-10-05 23:48:27）
22027,逆又練物,,漫画家,,,,,,,,,http://twitter.com/sakamata_ne_cof,,,,,伏見庵（2020-12-09 20:48:16）,伏見庵（2020-12-09 20:48:16）
19249,相模映,,漫画家,,,,,,,,,http://twitter.com/akirasanba,,,,,もりざる（2018-05-25 19:39:25）,もりざる（2018-05-25 19:39:25）
28110,相模いちすけ,,漫画家;イラストレーター,,,,,,,,,,,,,,伏見庵（2024-02-27 22:17:23）,伏見庵（2024-02-27 22:17:23）
14826,酒見賢一,,小説家,,,福岡県,,,,,,,,,,訃報は「共同通信」2023年11月15日付報道による;,もりざる（2016-05-01 23:33:16）,トファナ水（2023-11-15 21:09:37）
5218,座神孤独,,,,,,,,,,,,,http://b.dlsite.net/RG12395/,,,まんがseek編集部（2002-11-16 15:31:03）,こうの（2015-07-20 10:28:29）
759,相模なつき,,漫画家,,1970年10月12日 (53歳),東京都,1987年,,,料理;星座鑑賞;映画鑑賞,,,,http://ameblo.jp/natsukisagami/,,コミックス,まんがseek編集部（2002-11-16 15:31:03）,こうの（2015-05-01 21:02:02）
10163,沙上英,,漫画家,,10月31日,,,,,,,http://twitter.com/saga3_hana,,,,Twitter(生年月日、在住地、メール),まーすけ（2015-06-30 07:56:31）,もりざる（2016-05-23 17:36:08）
25282,さがみゆき,,,,,,,,,,,,,,,,百雲母（2023-03-02 14:53:40）,こうの（2023-10-27 16:27:54）
21829,沙神よしつね,竹山祐右,漫画家,日本,11月27日,静岡県,1998年「大道芸人 稲月葉子」,"天下一漫画賞 (第15回, 佳作)〔1997年〕 「大道芸人 稲月葉子」 （竹山祐右として）",,,,http://twitter.com/TAKE1127,,,,,daisuke（2020-11-08 12:23:55）,daisuke（2020-11-08 12:23:55）
4544,沙上狼樹,,漫画家,日本,,,,,,,http://sagamiroju.web.fc2.com/,http://twitter.com/SAGAMIROJU,,,,,まんがseek編集部（2002-11-16 15:31:03）,daisuke（2022-01-06 14:05:06）
9126,左上路朗,,,,,,,,,,,,,,,,まんがseek編集部（2004-08-30 02:30:50）,こうの（2015-07-20 10:27:17）
12843,さかめがね,,漫画家,,,,,,,,,http://twitter.com/sakamegane,,,,,もりざる（2015-11-07 20:04:39）,もりざる（2015-11-07 20:04:39）
4854,佐賀恵美,,,,,,,,,,,,,,,,まんがseek編集部（2002-11-16 15:31:03）,こうの（2015-07-20 10:25:52）
7449,坂もち板子,,漫画家,,3月21日,福岡県,,,,料理,,,,,,マーガレット公式サイト,まんがseek編集部（2002-11-16 15:31:03）,こうの（2015-07-20 10:22:57）
9275,坂本あきら,,漫画家,,,,,,,,,http://twitter.com/48AKIRA69,,http://akira6969.blog73.fc2.com/,,,まんがseek編集部（2007-06-14 02:57:49）,まーすけ（2016-08-05 21:45:35）
15353,坂本明,,ライター;イラストレーター,,,,,,,,,,,,,,トファナ水（2016-07-11 22:59:18）,トファナ水（2016-07-11 22:59:18）
2796,坂元勲,,漫画家,,,,,,,,,,,,,,まんがseek編集部（2003-12-01 11:18:05）,もりざる（2018-07-21 12:13:13）
6170,阪本牙城,,漫画家;水墨画家,,1895年12月1日,東京府西多摩郡五日市町(現:あきる野市小中野),,,,,http://www.ne.jp/asahi/tank/tankrou/,,,,,朝日;朝日人物;東京’96.11.14朝(阪本/雅城);あきる野市デジタルアーカイブ,まんがseek編集部（2002-11-16 15:31:03）,まーすけ（2020-11-08 18:51:46）
2793,坂本かずみ,,漫画家,,,,,,,,,,,,,,まんがseek編集部（2002-12-18 12:46:25）,こうの（2015-07-20 10:24:54）
23672,阪本KAFKA,坂本カフカ,漫画家,,,,,,,,,http://twitter.com/skafka15,,,,,伏見庵（2021-11-01 10:32:17）,百雲母（2023-06-15 18:32:51）
25863,坂本カフカ,阪本KAFKA,漫画家,,,,,,,,,http://twitter.com/skafka15,,,,,百雲母（2023-06-15 18:30:37）,百雲母（2023-06-15 18:35:32）
16267,坂本久作,,漫画家,,1978年,鳥取県鳥取市,,,,,,,,,,,もりざる（2016-11-19 23:59:49）,まーすけ（2019-05-03 18:46:54）
6171,坂本恵子,,漫画家,,,,,,,,,,,,,本,まんがseek編集部（2002-11-16 15:31:03）,こうの（2015-07-20 10:23:58）
22381,坂本憲司郎,,漫画家,日本,5月31日,熊本県,2006年,,,,,http://twitter.com/sakamotokenken,,,,,daisuke（2021-01-24 13:22:43）,daisuke（2021-01-24 13:22:43）
12987,坂本晃一,,作家,,1906年,,,,,,,,,,,,もりざる（2015-11-17 21:24:24）,daisuke（2023-10-28 13:52:52）
10206,坂本光司,,経済評論家,日本,1947年,静岡県,,,,,,,,,,,もりざる（2015-07-01 15:58:17）,daisuke（2021-11-07 13:37:05）
26423,坂本光陽,,漫画原作者,,,,,,,,,,,,,,もりざる（2023-08-20 12:14:14）,daisuke（2023-10-24 15:27:34）
23534,酒本さけ,,漫画家,,,,,,,,https://sake-ne.tumblr.com/,http://twitter.com/sake_n,,,,『GANMA!』作品ページ(性別),百雲母（2021-09-22 21:16:57）,百雲母（2021-09-26 22:59:42）
2794,坂本しゅうじ,,漫画家,,,,,,,,,,,,,,まんがseek編集部（2003-12-22 20:18:57）,もりざる（2016-03-17 22:50:41）
2797,坂本眞一,,漫画家,,1972年7月19日 (51歳),大阪府,,"文化庁メディア芸術祭 (第17回, 審査委員会推薦作品) 「イノサン」, マンガ大賞 (第8回, 第7位)〔2015年〕 「イノサン」",,,,http://twitter.com/14MOUNTAIN,,,,,まんがseek編集部（2002-11-16 15:31:03）,daisuke（2023-11-12 20:06:17）
12933,阪本誠一,ヒモトタロウ,漫画家,,,,,,,,,,,,,,まーすけ（2015-11-13 10:30:45）,daisuke（2023-11-22 16:30:58）
11250,坂本静児,,フリーライター,,1957年7月28日 (66歳),神奈川県茅ケ崎市,,,,,,,https://www.facebook.com/seiji.sakamoto.904,,,,もりざる（2015-08-05 00:26:49）,もりざる（2018-07-21 10:22:03）
10054,坂本拓,,漫画家,,,富山県,,,,,,http://twitter.com/2003melo,,,,,もりざる（2015-06-25 15:07:41）,ゲスト（2017-07-10 18:07:15）
4754,坂本タクマ,,漫画家;トレーダー,日本,,,,,,,http://gigamoto.la.coocan.jp/,http://twitter.com/gigamto,,http://sakamototakuma.blogspot.com/,,,まんがseek編集部（2002-11-16 15:31:03）,daisuke（2021-02-12 20:37:30）
25182,坂本太郎,,漫画家,,,,,,,,,,,,,,もりざる（2023-02-03 22:01:16）,もりざる（2023-02-03 22:01:16）
18130,坂元千笑,,漫画家,,,,,,,,,http://twitter.com/skmt_cem,,,,,もりざる（2017-11-19 13:06:40）,もりざる（2017-11-19 13:10:26）
13570,坂本次郎,坂本裕次郎,漫画家;漫画原作者,日本,1980年4月18日 (44歳),東京都,2003年,"手塚賞 (第65回, 準入選)〔2003年〕 （坂本裕次郎として）",,,,http://twitter.com/sakamotoyujirou,,,,,こうの（2015-12-30 09:05:43）,daisuke（2021-04-18 12:30:16）
16053,坂元輝弥,,漫画家,,,,,,,,,http://twitter.com/sakamoto_teruya,,,,,トファナ水（2016-10-16 19:45:22）,トファナ水（2016-10-16 19:45:22）
2795,坂本英俊,,漫画家,,,,,,,,,,,,,,まんがseek編集部（2002-12-18 12:38:53）,こうの（2015-07-20 10:24:41）
5533,さかもと瓢作,坂本瓢作,漫画家,,1949年,,1975年,,,,,,,,,本,まんがseek編集部（2002-11-16 15:31:03）,もりざる（2015-08-27 23:42:43）
24483,坂本瓢作,さかもと瓢作,漫画家,,1949年,,1975年,,,,,,,,,,もりざる（2022-10-25 19:31:57）,daisuke（2023-06-12 23:28:18）
25861,坂本マコト,,漫画家,,,,,,,,,,,,,,百雲母（2023-06-15 18:01:22）,百雲母（2023-06-15 18:01:22）
15071,さかもと麻乃,,漫画家,,,,,,,,,http://twitter.com/mano_nonono,,,,,トファナ水（2016-05-25 21:05:35）,トファナ水（2016-05-25 21:05:35）
4005,坂本ミキ,,漫画家,,12月10日,,,,,,,,,,,,まんがseek編集部（2002-11-16 15:31:03）,ゲスト（2019-12-10 07:46:58）
18159,坂本みねぢ,,イラストレーター,,,,,,,,,http://twitter.com/S_mineG,,http://hosystem.blog36.fc2.com/,,,まーすけ（2017-11-20 18:51:13）,まーすけ（2017-11-20 18:51:13）
4628,さかもと未明,,漫画家;小説家,日本,1965年10月21日 (58歳),神奈川県,1989年,,日本漫画家協会;マンガジャパン,着物;クラシックギター,http://www.sakamotomimei.com/,http://twitter.com/sakamotomimei,,http://blog.goo.ne.jp/sakamoto-mimei,,毎日’96.7.16夕;「ゆるゆる」,まんがseek編集部（2002-11-16 15:31:03）,daisuke（2021-02-07 19:07:45）
761,さかもとみゆき,,漫画家;イラストレーター,,2月16日,,1985年,,,,http://ww5.tiki.ne.jp/~sango/,http://twitter.com/urutorakinchan,,http://sangosan.exblog.jp/,,オフィシャルサイト,まんがseek編集部（2002-11-16 15:31:03）,ゲスト（2019-02-16 20:12:29）
24238,サカモト666,,小説家,,,,,,,,,http://twitter.com/sakamocho666,,,,,伏見庵（2022-07-15 21:30:17）,伏見庵（2022-07-15 21:30:17）
25752,阪元裕吾,,映画監督,,,,,,,,,,,,,,もりざる（2023-05-23 20:27:12）,もりざる（2023-05-23 20:27:12）
23084,坂本裕次郎,坂本次郎,漫画家;漫画原作者,日本,1980年4月18日 (44歳),東京都,2003年,"手塚賞 (第65回, 準入選)〔2003年〕",,,,http://twitter.com/sakamotoyujirou,,,,,daisuke（2021-04-18 12:24:28）,daisuke（2021-04-18 12:45:50）
19934,さかもとゆかり,,シナリオライター;実業家,日本,,,,,,,,http://twitter.com/RP_Yukari,,,,,まーすけ（2019-01-02 19:12:29）,daisuke（2021-01-17 10:45:25）
22352,坂本六有,,漫画原作者,日本,,,,,,,,,,,,,daisuke（2021-01-22 09:01:08）,daisuke（2021-01-22 09:01:08）
4129,坂本一水,,,,,,,,,,,,,,,,まんがseek編集部（2003-04-24 00:22:09）,こうの（2015-07-20 10:26:21）
7225,さかもとたけし,坂本剛志,,,,,,,,,,,,,,,まんがseek編集部（2002-11-16 15:31:03）,こうの（2015-07-20 10:23:40）
5630,坂本剛志,さかもとたけし,,,,,,,,,,,,,,,まんがseek編集部（2002-11-16 15:31:03）,こうの（2015-07-20 10:27:50）
9055,坂本つくね,,,,,,,,,,,,,,,,まんがseek編集部（2004-05-30 18:15:01）,こうの（2015-07-20 10:27:12）
5329,サカモトミク,,,,,三重県,1998年,,,,,,,,,,まんがseek編集部（2002-11-16 15:31:03）,こうの（2015-07-20 10:26:04）
4506,坂本ミドリ,,,,,,,,,,,,,,,,まんがseek編集部（2002-11-16 15:31:03）,こうの（2015-07-20 10:25:44）
4879,坂元裕二,,,,,,,,,,,,,,,,まんがseek編集部（2002-11-16 15:31:03）,こうの（2015-07-20 10:25:53）
5395,坂本りこ,,,,,,,,,,,,,,,,まんがseek編集部（2002-11-16 15:31:03）,こうの（2015-07-20 10:26:07）
27986,坂盛,,漫画家,,,,,,,,,,,,,,もりざる（2024-02-15 20:51:38）,もりざる（2024-02-15 20:53:56）
9891,茶菓山しん太,,漫画家,,,,2008年,,,,http://umehatago.syoutikubai.com/,http://twitter.com/sakayama_shinta,,,,,まーすけ（2015-06-11 18:29:12）,ゲスト（2016-02-01 14:21:47）
9276,逆夜れらく,,,,,,,,,,,,,,,,まんがseek編集部（2007-06-14 02:59:20）,こうの（2015-07-20 10:27:24）
6172,相良秋男,,漫画家;イラストレーター,,1936年,神奈川県,,,,釣り,,,,,,本;新現執92,まんがseek編集部（2002-11-16 15:31:03）,こうの（2015-07-20 10:24:13）
2771,佐柄きょうこ,,漫画家,,5月12日,福島県,1986年「さ・よ・な・ら エンドレスメモリー」,,,オカメインコ,http://homepage3.nifty.com/kajirinbo,,,http://blog.livedoor.jp/kajirinbo/,,コミックス;ハーレクインHP;作品扉(人物名英語),まんがseek編集部（2003-03-04 22:35:08）,もりざる（2016-12-05 13:19:54）
8344,相良俊輔,,漫画原作者;小説家,,1918年,,,,,,,,,,,,まんがseek編集部（2003-06-17 22:44:18）,daisuke（2023-11-11 18:37:28）
13394,さがら総,Speakeasy,ライトノベル作家,,,,,,,,,http://twitter.com/sou_sagara,,,,,まーすけ（2015-12-21 21:32:13）,もりざる（2018-01-21 14:23:19）
13171,相良つねき,,漫画家,,1949年3月20日 (75歳),福島県会津坂下町,1971年「始発」,"手塚賞 (第1回, 佳作)〔1971年〕 「始発」, 読売国際漫画大賞(第17回, 入選)〔1996年〕「仏・ラッシュ」",,,,,,,,,もりざる（2015-12-05 19:47:38）,ゲスト（2016-03-13 00:13:49）
762,相楽直哉,,,,,,,,,,,,,,,,まんがseek編集部（2003-06-15 18:47:53）,こうの（2015-05-06 18:13:51）
13785,さがら梨々,,漫画家;イラストレーター,,,,,,,,http://www.sagaraise.com/,http://twitter.com/sagarariri,,http://raiseno.blog106.fc2.com/,,,もりざる（2016-01-19 17:38:17）,ゲスト（2018-12-12 07:17:30）
22417,盛政樹,,ゲームクリエイター,日本,,,,,,,,,,,,,daisuke（2021-01-27 13:18:15）,daisuke（2021-01-27 13:18:15）
7682,さがわ香野,一ノ矢香苗,漫画家,,2月11日,東京都,1996年「風を抜けて行こう」,"小学館新人コミック大賞 (第37回, 少女・女性部門・佳作)〔1996年〕 「風を抜けて行こう」",,,http://members.jcom.home.ne.jp/1-ya/k3,http://twitter.com/ichinoyakanae,,,,,まんがseek編集部（2002-11-16 15:31:03）,こうの（2015-07-20 10:27:48）
4477,瑳川恵一,高橋秀武,漫画家,日本,1970年4月30日 (54歳),東京都中野区,,,,,http://yamachika.cool.ne.jp/hagakure/,http://twitter.com/sucombut,,,,,まんがseek編集部（2002-11-16 15:31:03）,こうの（2015-07-20 10:27:52）
763,砂川美於,,,,,,,"アフタヌーン四季賞 (第29回, 春のコンテスト・佳作)〔1994年〕, アフタヌーン四季賞 (第36回, 冬のコンテスト・佳作)〔1995年〕",,,,,,,,,まんがseek編集部（2003-03-02 19:14:41）,こうの（2015-05-07 22:25:57）
21626,砂河深紅,,漫画家,,,,,,,,,http://twitter.com/sagawamiku,,,,,ゲスト（2020-10-03 20:01:29）,ゲスト（2020-10-03 20:01:29）
6173,佐川美代太郎,,漫画家,,1923年12月1日 (100歳),,,"日本漫画家協会賞 (第28回, 大賞)〔1999年〕",漫画集団;日本漫画家協会(常務理事),昆虫・動物観察,,,,,,児童文学84;漫画;本;漫画家名鑑2;読売99,まんがseek編集部（2002-11-16 15:31:03）,まんがseek編集部（2015-12-12 19:54:41）
20247,佐川芳枝,,エッセイスト;児童文学作家,,1950年,,,,,,,,,,,,もりざる（2019-05-19 11:04:25）,もりざる（2019-05-26 10:50:45）
8201,瑳川竜,三条陸,漫画原作者;脚本家,,1964年10月3日 (59歳),大分県,1987年,,,,,,,,,,まんがseek編集部（2003-05-05 11:44:55）,こうの（2015-12-29 10:47:31）
19345,サカワキヒロ太,,漫画家,,,,,,,,,,,,,,もりざる（2018-05-30 23:32:17）,ゲスト（2019-07-15 14:57:10）
22579,さき,,小説家,日本,9月12日,,,,,,,http://twitter.com/09_saki_12,,,,,伏見庵（2021-02-10 12:30:13）,daisuke（2022-03-19 14:15:57）
11647,サキ,,小説家,,,,,,,,,,,,,,もりざる（2015-08-19 23:28:50）,もりざる（2023-05-02 19:52:39）
764,咲香里,,漫画家,,5月6日,千葉県,,,,,,http://twitter.com/sakikaori,,http://blog.livedoor.jp/kaorisaki228/,,,まんがseek編集部（2002-11-16 15:31:03）,ゲスト（2019-05-06 14:57:55）
12873,佐木かやの,,漫画家,,,,,,,,,,,,,,まーすけ（2015-11-09 09:19:21）,まーすけ（2015-11-09 09:19:21）
9186,茶木政一,,漫画原作者,日本,,,,,,,,,,,,,まんがseek編集部（2007-05-20 19:47:05）,daisuke（2022-03-24 14:11:40）
27388,さきひとみ,,漫画家,,,,,,,,,,,,,,もりざる（2023-12-31 12:22:06）,もりざる（2023-12-31 12:22:06）
765,サキヒトミ,,漫画家;イラストレーター,,,,,,,,,,,,,漫画家名鑑500,まんがseek編集部（2002-11-16 15:31:03）,こうの（2015-05-12 21:52:49）
5208,佐木飛朗斗,佐木ヒロト,漫画原作者;小説家,日本,1962年3月6日 (62歳),神奈川県横浜市,,,,,http://home.catv.ne.jp/ff/saki/,,,,,,まんがseek編集部（2002-12-15 12:31:31）,daisuke（2021-03-08 18:39:49）
22819,佐木ヒロト,佐木飛朗斗,漫画原作者;小説家,日本,1962年3月6日 (62歳),神奈川県横浜市,,,,,http://home.catv.ne.jp/ff/saki/,,,,,,daisuke（2021-03-08 18:42:48）,daisuke（2021-03-08 18:42:48）
3389,茶木ひろみ,,漫画家,日本,,,,,,,,http://twitter.com/hsaki9,,,,,まんがseek編集部（2002-11-16 15:31:03）,daisuke（2021-02-07 19:15:17）
16158,座紀光倫,,漫画家,,3月25日,,,,,,http://zkmn2500.tumblr.com/,http://twitter.com/zkmn,,,,,トファナ水（2016-10-26 22:02:21）,トファナ水（2016-10-26 22:02:21）
27534,さきいかげそ,,漫画家,,,,,,,,,,,,,,もりざる（2024-01-07 17:27:50）,もりざる（2024-01-07 17:27:50）
9377,咲麗慧,,漫画家,日本,,,,,,,http://www.gensouteien.com/,http://twitter.com/sakiurakei,,,,,まんがseek編集部（2007-07-13 21:57:20）,daisuke（2021-01-15 18:41:35）
23841,さきうらら,星憑ネオン。,漫画家,日本,,福島県,,,,,,http://twitter.com/neonurara,,https://neonurara.blog.ss-blog.jp/,,,天王寺R（2022-01-07 11:02:56）,天王寺R（2022-01-07 11:02:56）
9483,咲木音穂,逢川里羅,漫画原作者,,1976年12月16日 (47歳),高知県,,"アフタヌーン四季賞 (第70回, 夏のコンテスト・準入選)〔2004年〕 （咲木音緒として）",,,http://www.lirakotone.net/,http://twitter.com/saki_otoh,,http://blog.livedoor.jp/naked_apes/,,,まんがseek編集部（2007-07-20 00:49:38）,こうの（2015-07-20 10:27:57）
8746,咲木音緒,逢川里羅,漫画原作者,,1976年12月16日 (47歳),高知県,,"アフタヌーン四季賞 (第70回, 夏のコンテスト・準入選)〔2004年〕",,,http://www.lirakotone.net/,http://twitter.com/saki_otoh,,http://blog.livedoor.jp/naked_apes/,,,まんがseek編集部（2004-04-10 22:31:56）,こうの（2015-07-20 10:27:57）
20174,ザキコ,,漫画家,,,,,,,,,http://twitter.com/zakko_chan,,,,,まーすけ（2019-05-02 21:27:07）,まーすけ（2019-05-02 21:27:07）
7450,咲坂伊緒,,漫画家,,6月8日,東京都,,"小学館漫画賞 (第63回, 少女向け部門)〔2018年〕 「思い、思われ、ふり、ふられ」",,ダラダラすること;寝ること;ペンキ塗り,,http://twitter.com/sakisaka10,,,,マーガレット公式サイト,まんがseek編集部（2002-11-16 15:31:03）,もりざる（2015-07-24 22:53:35）
2660,向坂桂子,,漫画家,,,,,,,,,,,,,,まんがseek編集部（2003-12-16 16:18:24）,こうの（2015-07-20 10:28:22）
7502,咲坂さくら,,漫画家,,1970年12月15日 (53歳),京都府,1995年,,,古典芸能鑑賞,,,,,,りぼん漫画家情報,まんがseek編集部（2002-11-16 15:31:03）,ゲスト（2019-12-15 15:37:58）
9218,咲坂芽亜,,,,,,,,,,,,,,,,まんがseek編集部（2007-05-31 20:29:35）,こうの（2015-07-20 10:27:22）
12231,さきしまえのき,,漫画家;イラストレーター,,,,2015年「カーグラフィティJK」,,,,http://couz.sub.jp/,http://twitter.com/couzone,,http://couzoneinfo.blogspot.jp/,,,まーすけ（2015-09-11 21:38:58）,ゲスト（2017-11-08 21:03:45）
22067,さきだ咲紀,いなほ咲貴,漫画家,日本,,,,,,,,http://twitter.com/_sakida_,,,,,daisuke（2020-12-16 12:14:59）,daisuke（2021-01-10 21:02:02）
13895,佐木田すい,,漫画家,,,,,,,,http://sakita-sw.com/,http://twitter.com/sskita,,,,,ゲスト（2016-01-26 14:18:37）,ゲスト（2016-01-26 14:18:37）
17031,崎田ミナ,,イラストレーター;漫画家,,,群馬県,,,,,http://sakitamina.tumblr.com/,http://twitter.com/sakitamina,,http://ameblo.jp/sakimina27,,ブログ(性別、血液型、出身地、在住地);公式サイト(最終学歴),ゲスト（2017-04-07 08:00:53）,ゲスト（2017-04-07 08:00:53）
12949,前鳥八代,,漫画家,,,,,,,,,http://twitter.com/sorattama,,http://rakupiko.blog27.fc2.com/,,,まーすけ（2015-11-15 08:43:39）,まーすけ（2015-11-15 08:43:39）
8196,咲原ゆういち,松本裕二,劇画原作者,,1949年,福島県東白川郡,1971年「明日を追って!」,,,,,,,,,,まんがseek編集部（2003-05-04 02:04:18）,もりざる（2016-10-03 13:54:05）
2088,さきもりはじめ,,,,,,,,,,,,,,,,まんがseek編集部（2002-11-16 15:31:03）,こうの（2015-07-20 10:24:55）
12216,崎谷はるひ,,小説家,,,,,,,,http://sakiya.milkcafe.to/,http://twitter.com/harusakisora,,,,,まーすけ（2015-09-11 17:14:11）,もりざる（2017-11-24 22:42:05）
27670,sakiyama,,漫画家,,,,,,,,,,,,,,もりざる（2024-01-14 18:01:28）,もりざる（2024-01-14 18:01:28）
20036,嵜山弓,,漫画家,,,,,"思い出食堂新人漫画賞 (第18回, 入選)〔2017年〕 「牛肉の赤ワイン煮込み」",,,,http://twitter.com/sakisakinet,,,,,もりざる（2019-03-03 15:09:40）,もりざる（2019-03-03 15:09:40）
27774,さぎやまれん,,漫画家;イラストレーター,,2月10日,,,,,,,http://twitter.com/sgym_ren,,,,,伏見庵（2024-02-02 21:50:42）,伏見庵（2024-02-02 21:50:42）
18675,茶匡,,漫画家,日本,1984年4月27日 (40歳),宮城県,2005年,"なかよし新人まんが賞 (第40回, 佳作)〔2005年〕",,バレエ;夜更かし,https://sakyoism.jimdo.com/,http://twitter.com/_sa_kyo_,,https://ameblo.jp/sakyohutagotti/,,,まーすけ（2018-02-01 14:57:30）,daisuke（2021-04-27 09:31:30）
10927,左京亜也,右京あやね,漫画家,,8月25日,愛知県,,,,,http://a-ukyo.com/,http://twitter.com/ukyoayane,,http://blog.a-ukyo.com/,,,もりざる（2015-07-24 22:09:36）,まーすけ（2015-11-30 10:21:06）
2775,左京景,,,,,,,,,,,,,,,,まんがseek編集部（2007-06-03 19:00:56）,こうの（2015-07-20 10:27:22）
22292,左京潤,,小説家;ライトノベル作家,日本,,静岡県掛川市,,"ファンタジア大賞金賞(第23回,金賞)〔2011年〕",,,,http://twitter.com/315yen,,http://makazami.blog.fc2.com/,,単行本「勇しぶ。」表紙(人物名英語),daisuke（2021-01-17 14:13:08）,もりざる（2023-01-27 19:52:55）
11409,崎由けぇき,,漫画家,,,,,,,,,http://twitter.com/ca_kesan,,,,,まーすけ（2015-08-11 07:57:55）,百雲母（2021-04-13 12:29:45）
14296,さぎり和紗,,漫画家,,,,,,,,,http://twitter.com/wasaGIRI,,,,,まーすけ（2016-02-29 13:09:57）,まーすけ（2016-02-29 13:09:57）
17805,saku,,漫画家,,,,,,,,,http://twitter.com/saku5885,,,,,トファナ水（2017-08-25 06:28:37）,百雲母（2020-10-09 07:06:43）
22090,佐久うさこ,,漫画家;イラストレーター,,,,,,,,https://usausa70.wixsite.com/usako,,https://www.facebook.com/people/%E4%BD%90%E4%B9%85-%E3%81%86%E3%81%95%E3%81%93/100028793531482,,,,百雲母（2020-12-21 13:58:43）,百雲母（2020-12-21 19:24:28）
4440,朔ユキ蔵,SABA,漫画家,,,栃木県,,,,,,http://twitter.com/sakudaiou,,,,,まんがseek編集部（2002-11-16 15:31:03）,まーすけ（2016-01-19 12:23:53）
19131,作井ルビ,,漫画家,日本,8月15日,,,,,,,http://twitter.com/9UFbaDHZ7IEZam9,,,,,もりざる（2018-05-15 23:43:41）,ゲスト（2021-08-15 07:44:34）
18090,桜雲寺彩乃,,漫画家,,3月17日,,,,,,https://sakuaya317.tumblr.com/post/162538813214,http://twitter.com/sakuaya_317,,https://ameblo.jp/rainybunny/,,,もりざる（2017-11-18 01:53:24）,ゲスト（2019-10-27 17:00:33）
8717,作画グループ,,,,,,,,,,http://www5b.biglobe.ne.jp/~SGkikaku/,,,,,,まんがseek編集部（2004-02-28 00:50:30）,トファナ水（2016-08-08 20:55:07）
11891,朔坂みん,,漫画家,日本,,,2010年「好きだけど…」,,,,,http://twitter.com/sakusakamin,,,,MangaAnimeナビにいがた,もりざる（2015-08-30 23:00:47）,daisuke（2021-01-30 21:11:22）
13964,作者不詳,,小説家,,,,,,,,,http://twitter.com/sakushafushow,,,,,まーすけ（2016-02-02 20:22:20）,まーすけ（2016-02-02 20:22:20）
6174,作田昭一,,漫画家,,,福島県,1976年,,,,,,,,,本,まんがseek編集部（2002-11-16 15:31:03）,こうの（2015-07-20 10:24:35）
2802,朔田浩美,,漫画家,,,,,,,,,http://twitter.com/sakutahiromi,,,,ぱふ’97.2,まんがseek編集部（2002-11-16 15:31:03）,トファナ水（2016-06-24 21:30:14）
5203,さくだ敦,,,,,,,,,,,,,,,,まんがseek編集部（2002-11-16 15:31:03）,こうの（2015-07-20 10:26:02）
16216,さくたけ,咲竹ちひろ,漫画家,,1月5日,,2015年「トラウマスター」,,,,,http://twitter.com/sksktktk,,http://sksktktk.blog.fc2.com/,,,トファナ水（2016-11-12 21:55:22）,ゲスト（2021-01-05 16:07:09）
16218,咲竹ちひろ,,,,,,,,,,,,,,,,トファナ水（2016-11-12 21:59:02）,トファナ水（2016-11-12 21:59:02）
23878,さくたつ。,,漫画家,,,,,,,,,http://twitter.com/sakutatsu123,,,,,百雲母（2022-01-25 19:35:28）,百雲母（2022-01-25 19:35:28）
27866,サクタロー,,漫画家,,1月22日,,,,,,https://sakutaro-works.tumblr.com/,http://twitter.com/sktr_sgt,,,,,もりざる（2024-02-10 14:42:37）,もりざる（2024-02-10 14:42:37）
5639,朔野安子,,漫画家,,8月2日,北海道,1998年「薔薇のベッド」,,,,,http://twitter.com/sakunoyasuko,,http://new-moon-house.blog.so-net.ne.jp/,,,まんがseek編集部（2002-11-16 15:31:03）,まーすけ（2015-08-02 13:19:00）
6259,佐久間晃,,漫画家,,1911年,福島県福島市,,,,,,,,,,漫画,まんがseek編集部（2002-11-16 15:31:03）,こうの（2015-07-20 10:25:47）
9852,さくまあきら,,ゲームライター;作家,,1952年7月29日 (71歳),東京都杉並区,,,,,http://sakumania.com/,http://twitter.com/isetta_23,,,,Wikipedia;公式サイト,こうの（2015-06-04 08:17:41）,こうの（2015-06-04 08:19:21）
24411,さくまかおる,佐久間薫,書店員;漫画家,,,,2009年「本屋の天子ちゃん」,,,,,http://twitter.com/sasakumako,https://www.facebook.com/sasakumako,http://sokonoke.blog.jp/,,,daisuke（2022-09-30 13:55:12）,daisuke（2022-09-30 13:55:12）
11238,佐久間馨,,スポーツメンタルコーチ,日本,1955年,,,ゴルフダイジェストアワードレッスン・オ・ブ・ザ・イヤー〔2010年〕,,,,,,,,,もりざる（2015-08-04 21:06:08）,daisuke（2022-09-30 13:57:43）
24410,佐久間薫,さくまかおる,書店員;漫画家,,,,2009年「本屋の天子ちゃん」,,,,,http://twitter.com/sasakumako,https://www.facebook.com/sasakumako,http://sokonoke.blog.jp/,,,daisuke（2022-09-30 13:51:04）,もりざる（2024-03-01 21:33:00）
18863,佐久間信,,,,,,,,,,,,,,,,もりざる（2018-02-28 06:55:13）,もりざる（2018-02-28 06:55:13）
9948,佐久間力,,漫画家,日本,,,,,,,,http://twitter.com/chikara390,https://www.facebook.com/pages/%E4%BD%90%E4%B9%85%E9%96%93-%E5%8A%9B-%E6%BC%AB%E7%94%BB%E5%AE%B6-/1396279570616408,,,Facebookページ,こうの（2015-06-19 15:44:04）,daisuke（2021-02-07 19:26:31）
21840,さくま司,,漫画家,,3月18日,,,,,,,http://twitter.com/sakuma_t_evglow,,,,,伏見庵（2020-11-09 12:39:16）,伏見庵（2020-11-09 12:39:16）
766,佐久間智代,,,,,,,,,,,,,,,,まんがseek編集部（2002-11-16 15:31:03）,こうの（2015-07-20 10:28:16）
4636,佐久間史幸,,,,1965年,,,"アフタヌーン四季賞 (第52回, 冬のコンテスト・四季大賞)〔1999年〕 「赤い鳥」",,,,,,,,,まんがseek編集部（2002-11-16 15:31:03）,ゲスト（2019-02-07 15:51:15）
2801,作麻正明,,漫画家,日本,,,,,,,,,,,,,まんがseek編集部（2003-12-26 14:51:27）,ゲスト（2016-02-09 02:17:41）
9583,佐久間結衣,,漫画家,日本,10月22日,,,"ちばてつや賞 (第63回, 一般部門・入選)〔2013年〕 「コンプレックス・エイジ [読み切り版]」",,,,,,,,モーニング・アフタヌーン・イブニング合同Webコミックサイト「モアイ」,まーすけ（2014-11-21 19:54:17）,daisuke（2021-10-02 13:47:23）
12387,さくま良子,,漫画家,,1964年11月20日 (59歳),,1992年「星のカービィ [小学二年生版]」,,,日曜大工,,,,,,,ゲスト（2015-09-20 06:02:23）,ゲスト（2018-11-20 05:47:09）
25092,さくまれん,,漫画家,,2月23日,,,,,,,http://twitter.com/ren_sakuma,,,,,もりざる（2023-01-30 11:34:58）,もりざる（2023-01-30 11:34:58）
2803,朔本敬子,,漫画家,,,,,,,,,,,,,,まんがseek編集部（2002-11-16 15:31:03）,もりざる（2021-05-04 19:11:08）
11278,作元健司,,,,,,,,,,,,,,,,もりざる（2015-08-06 09:47:19）,もりざる（2015-08-06 09:47:19）
19640,咲夜,,小説家,,,,,,,,,http://twitter.com/Sakuya_Live,,,,訃報は、「ツギクル」公式サイトの2019年2月8日告知による,ゲスト（2018-09-03 07:12:49）,トファナ水（2019-02-08 21:12:01）
10988,サクヤカイシ,,漫画家,,,福島県,2004年,,,観劇,http://enigmabox.bambina.jp/,http://twitter.com/enigmaru01,,,,,もりざる（2015-07-26 02:30:50）,ゲスト（2016-02-08 07:30:05）
767,咲夜しおん,奥瀬りお,,,,,,,,,,,,,,,まんがseek編集部（2002-11-16 15:31:03）,こうの（2015-05-12 22:07:59）
21037,さくやついたち,,漫画家;イラストレーター,,11月14日,,,,,,,http://twitter.com/SakuyaTsuitachi,,http://tsui.x0.com/archives/201.html,,,百雲母（2020-06-20 19:25:53）,daisuke（2023-11-14 12:46:27）
8479,さくら,大島永遠,漫画家,,1979年2月2日 (45歳),東京都練馬区,,,,,http://oshimatowa.com/,http://twitter.com/towa_oshima,https://www.facebook.com/towa.oshima,,,,まんがseek編集部（2003-10-11 00:24:52）,こうの（2015-07-20 10:27:48）
10205,咲良,,漫画家,,6月7日,東京都,,,,,,http://twitter.com/nattoumania,,,,「小学館クリエイティブ」サイト内プロフィール,もりざる（2015-07-01 15:53:41）,daisuke（2023-11-15 18:38:41）
22983,桜あげは,,ライトノベル作家,日本,,,,,,,https://note.com/agehageha,http://twitter.com/SakuraAgehaGeha,,,,,daisuke（2021-04-01 13:39:38）,daisuke（2021-04-01 13:39:38）
7983,さくらあしか,極楽院櫻子,漫画家,,,,,,,,http://sumire.sakura.ne.jp/~heaven/,,,http://gokurakuinsakurako.seesaa.net/,,,まんがseek編集部（2003-03-02 16:28:01）,こうの（2015-07-20 10:27:35）
20078,佐倉イサミ,,漫画家,,,,,,,,,http://twitter.com/sakura_isami,,http://48pota.link,,,ゲスト（2019-03-11 05:47:12）,ゲスト（2019-03-11 05:47:12）
16921,佐倉有為,,漫画原作者,,,,,,,,,,,,,,まーすけ（2017-03-12 11:45:22）,まーすけ（2017-03-12 11:45:22）
23450,さくらうめ,,漫画家;イラストレーター,,8月28日,,,,,,https://sakuraume828.wixsite.com/-site,http://twitter.com/sakuraume_0u0,,,,,百雲母（2021-08-21 09:40:56）,伏見庵（2023-06-03 22:16:27）
27951,佐倉えび,,漫画家,,,,,,,,,,,,,,もりざる（2024-02-12 19:34:38）,もりざる（2024-02-12 19:34:38）
22882,さくら恵理,,漫画家,,,,,,,,,,,,,,伏見庵（2021-03-15 20:55:23）,伏見庵（2021-03-15 20:55:23）
21263,佐倉おりこ,,イラストレーター;漫画家,日本,1月8日,,,,,,https://www.sakuraoriko.com/,http://twitter.com/sakura_oriko,,,,,ゲスト（2020-08-29 07:54:52）,百雲母（2021-04-27 11:59:56）
22968,桜Qり,,漫画家;イラストレーター,,,,,,,,,http://twitter.com/QriSakura,,,,,百雲母（2021-03-28 12:56:29）,百雲母（2021-03-28 12:56:29）
9351,桜金造,,コメディアン;俳優,日本,1956年12月29日 (67歳),千葉県,,"日本放送演芸大賞(ホープ賞,アゴ&キンゾーとして)〔1983年〕",,,,,,http://ameblo.jp/sakura-kinzou,,,まんがseek編集部（2007-06-28 23:59:57）,daisuke（2020-12-29 08:54:31）
23594,佐蔵久美,,漫画家,,,,,,,,,,,,,,ゲスト（2021-09-28 16:52:15）,ゲスト（2021-09-28 16:52:15）
22361,さくら小春,ぴめこ,イラストレーター;漫画家,日本,,,,,,,,http://twitter.com/pimopimo,,,,,daisuke（2021-01-22 12:31:49）,daisuke（2021-01-22 12:31:49）
14385,佐倉小枝,羊子,漫画家,日本,12月27日,,,,,,http://swp.sakura.ne.jp/ori/,http://twitter.com/sakura_dlyo,,,,,トファナ水（2016-03-04 11:34:13）,ゲスト（2021-07-06 17:07:02）
11754,佐倉色,,漫画家,,,,,,,,http://kizu.xii.jp/,http://twitter.com/ikihs_arukas,,http://shinboshiumi.blog.fc2.com/,,,まーすけ（2015-08-26 11:01:43）,まーすけ（2017-06-13 13:38:16）
20004,櫻シノ,沙藤しのぶ,漫画家,日本,,,,,,,,,,,,,こうの（2019-02-04 13:15:33）,daisuke（2021-01-22 17:14:27）
9823,佐倉準,,漫画家,,,福岡県,2012年,,,,,http://twitter.com/Sakura_Jun,,,,,hayashi17（2015-05-10 11:37:58）,もりざる（2019-03-09 16:28:52）
17720,砂倉そーいち,,漫画家,,,,,,,,,,,,,,もりざる（2017-07-22 00:20:48）,もりざる（2017-07-22 00:20:48）
6912,佐倉そーいち,,漫画家,,1962年5月18日 (62歳),,1985年,,,,,,,,,コミックス,まんがseek編集部（2002-11-16 15:31:03）,こうの（2015-07-20 10:25:19）
12355,咲良宗一郎,,漫画家,日本,,,,,,,,http://twitter.com/sakura_s_staff,,,,,まーすけ（2015-09-17 15:04:49）,daisuke（2021-02-07 19:31:51）
9050,櫻太助,,漫画家,日本,3月3日,島根県松江市,,,,,,http://twitter.com/tskskr,,,,,まんがseek編集部（2004-05-27 23:43:25）,daisuke（2020-11-20 10:01:46）
775,桜玉吉,チャーリー野沢,漫画家;イラストレーター,,1961年3月2日 (63歳),東京都世田谷区,1986年,,,,,,https://ja-jp.facebook.com/pages/%E6%A1%9C%E7%8E%89%E5%90%89/155714387920033,,,「桜玉吉のかたち」;広告批評'98.4,まんがseek編集部（2002-11-16 15:31:03）,こうの（2015-06-24 23:14:57）
12595,佐倉チカ,,漫画家,,3月14日,,,,,,,http://twitter.com/sakurachikax,,,,,まーすけ（2015-10-09 16:47:41）,まーすけ（2015-10-09 16:47:41）
17900,桜智,,漫画家,,,,,"小学館新人コミック大賞 (第76回, 少年部門・佳作)〔2015年〕 「クラスメイトはエイリアン!?」",,,,,,,,,もりざる（2017-09-24 15:48:21）,もりざる（2017-09-24 16:23:14）
13093,桜ナオキ,,漫画家,,,,,,,,,http://twitter.com/arukasik,,,,,まーすけ（2015-11-26 19:16:11）,まーすけ（2015-11-26 19:16:11）
17238,佐倉はなつみ,,漫画家;原画家,日本,1月16日,広島県呉市,,,,,http://k-riot.tumblr.com/,http://twitter.com/hanatsumi,,,,,トファナ水（2017-05-05 08:44:40）,daisuke（2021-01-16 09:41:41）
14019,桜はるひ,,漫画家,日本,1月21日,埼玉県,,,,,,,,,,ハーレクインHP(生年月日、出身、血液型),もりざる（2016-02-07 18:26:56）,daisuke（2023-01-21 16:09:10）
14140,桜はんぺん,,イラストレーター,,4月6日,,,,,,http://petitecerisier.moo.jp/,http://twitter.com/sakura_hanpen,,http://petitecerisier.blog.fc2.com/,,,まーすけ（2016-02-22 17:04:39）,まーすけ（2016-02-22 17:04:39）
28193,咲楽ぴの,咲楽亭,漫画家,,,,,,,,,http://twitter.com/pino_sakura,,,,,伏見庵（2024-03-10 22:20:32）,伏見庵（2024-03-10 22:20:32）
12352,佐倉牡丹,,漫画家,,,,,,,,,http://twitter.com/kemonabe,,http://kemonabe.blog.fc2.com/,,,まーすけ（2015-09-17 14:19:15）,まーすけ（2015-09-17 14:19:15）
18385,咲倉まいか,,漫画家,,,,2016年,,,,,,,http://ameblo.jp/musashi0510/,,,ゲスト（2017-12-04 19:13:30）,ゲスト（2017-12-04 19:13:30）
18183,紗倉まな,,AV女優,日本,1993年3月23日 (31歳),千葉県,,,,,,http://twitter.com/sakuramanaTeee,,,,,もりざる（2017-11-23 15:56:28）,daisuke（2021-01-15 18:38:33）
23815,桜みさき,,漫画家;イラストレーター,,8月8日,,,,スタイラス株式会社,,,http://twitter.com/skrmsk,,,,,百雲母（2022-01-04 21:40:46）,百雲母（2022-01-04 21:40:46）
5223,桜水樹,,漫画家,日本,,,,,,,,http://twitter.com/rakusakizumi,,,,,まんがseek編集部（2002-11-16 15:31:03）,daisuke（2021-02-07 19:39:25）
23649,桜みとぎ,,イラストレーター;漫画家,,,,2021年「花灯のコンフェッティ」,,,,https://watanai72.wixsite.com/nanabanmenoroji,http://twitter.com/sakura_mitogi,,,,,百雲母（2021-10-24 14:00:03）,百雲母（2021-10-24 14:05:18）
776,天櫻みとの,早坂奈槻,漫画家;イラストレーター,,,,,,,,,,,http://sakuramitono.blog56.fc2.com/,,,まんがseek編集部（2003-03-29 13:21:16）,こうの（2015-05-15 07:02:04）
19846,桜倉メグ,,漫画家,日本,12月31日,,2009年「5月の恋ひこうき」,"なかよし新人まんが賞 (第48回, 佳作)〔2009年〕 「5月の恋ひこうき」",,,,http://twitter.com/sakuramegu,,http://sakurakurari.blog122.fc2.com/,,,もりざる（2018-11-04 09:15:01）,daisuke（2022-12-31 10:40:42）
777,さくらももこ,,漫画家,,1965年5月8日,静岡県清水市新富町,1984年「教えてやるんだありがたく思え!」,"講談社漫画賞 (第13回, 少女部門)〔1989年〕 「ちびまる子ちゃん [りぼん版]」, 新風賞(第27回)〔1993年〕「さるのこしかけ」",,,http://sakura-momoko.net/,,,http://lineblog.me/sakuramomoko/,,流通'89.3.14;週刊読売'89.8.27,まんがseek編集部（2003-12-31 14:04:12）,まーすけ（2018-08-27 20:06:58）
21212,桜ゆう,,作家;漫画原作者,日本,,神奈川県横浜市,,,,,,http://twitter.com/YouSakura,https://www.facebook.com/you.sakura.9,https://ameblo.jp/sakurayou-sakurayou/,,,ゲスト（2020-08-24 15:44:44）,こうの（2020-09-04 12:13:32）
19565,咲良ゆき,,イラストレーター;漫画家,,,,,,,,https://www.sakulayuki.net/,http://twitter.com/sakula_yuki,,,,,もりざる（2018-07-24 21:16:08）,もりざる（2018-07-24 21:16:08）
24451,桜りゅうけん,,漫画家,,10月17日,,,,,,,http://twitter.com/s_ryuken,,http://hamachikumi.plala.jp/~ryuken/,,,伏見庵（2022-10-17 22:59:52）,伏見庵（2022-10-17 22:59:52）
7713,咲良りょう,,漫画家,,11月10日,三重県,1998年,,,,,,,,,,まんがseek編集部（2002-11-16 15:31:03）,daisuke（2023-11-10 18:35:19）
19492,佐倉遼太朗,,,,,,,,,,,,,,,,もりざる（2018-06-10 23:26:05）,もりざる（2018-06-10 23:26:05）
7630,櫻林子,,漫画家,,7月30日,,,,,,,http://twitter.com/mizuki_orange,,,,公式サイト;BEEEP!!サイト,まんがseek編集部（2002-11-16 15:31:03）,ゲスト（2022-07-06 13:32:55）
16186,作楽ロク,,漫画家,,,,,,,,,http://twitter.com/neko2roku,,,,,トファナ水（2016-11-05 20:33:02）,トファナ水（2016-11-05 20:33:02）
8006,咲良あさみ,,漫画家,,,,,,,,,,,,,,まんがseek編集部（2007-06-01 23:45:22）,こうの（2015-07-20 10:27:22）
19949,さくらい,,漫画家,日本,,,,,,,http://2601.nobody.jp/,http://twitter.com/sac_rai,https://www.pixiv.net/users/121961,,,,もりざる（2019-01-08 22:37:24）,daisuke（2021-02-07 19:44:35）
768,桜井明子,花津ハナヨ,漫画家,,1975年6月22日 (48歳),滋賀県彦根市,1993年,,,,,http://twitter.com/ha_na_4,https://www.facebook.com/%E8%8A%B1%E6%B4%A5%E3%83%8F%E3%83%8A%E3%83%A8-205999776081567/,http://872874.jugem.jp/,,,まんがseek編集部（2003-03-08 20:28:36）,daisuke（2023-06-29 23:34:38）
11915,櫻井あつひと,,漫画家,日本,,,,,,,,http://twitter.com/sakuraiatsuhito,,,,,まーすけ（2015-08-31 13:25:52）,daisuke（2021-02-07 19:46:40）
12223,桜井亜都,桜井崇子,漫画家,,5月19日,山口県宇部市,,"小学館新人コミック大賞 (第48回, 少年部門・佳作)〔2001年〕",,,,http://twitter.com/sakurai_ato,,http://ato519.blog.fc2.com/,,サンデーまんが家BACKSTAGE,まーすけ（2015-09-11 20:31:35）,ゲスト（2017-05-19 18:07:37）
14270,桜井綾,,漫画家,,,,,,,,,http://twitter.com/girlskingdom,,,,,トファナ水（2016-02-28 10:50:41）,トファナ水（2016-02-28 10:50:41）
6261,桜井勇,,漫画家,,1930年12月13日 (93歳),東京,,,漫画集団,,,,,,,漫画;読売99,まんがseek編集部（2002-11-16 15:31:03）,もりざる（2023-08-05 20:11:37）
9754,桜井海,,漫画家,,,,,,,,,http://twitter.com/sakurai_umi_,,,,,まーすけ（2015-01-25 10:37:17）,ゲスト（2017-12-26 15:07:21）
15980,櫻井エネルギー,,漫画家,,,,,,,,,http://twitter.com/sakurai_energy,,http://sakuraienergy.blog.fc2.com/,,,まーすけ（2016-10-04 15:46:59）,まーすけ（2016-10-04 15:46:59）
6262,桜井和生,,小説家;漫画原作者,,1948年7月29日 (75歳),,,,,,,,,,,本,まんがseek編集部（2002-11-16 15:31:03）,こうの（2015-07-20 10:25:07）
24720,桜井幽,,漫画家,,,,,,,,,,,,,,もりざる（2022-12-24 11:41:07）,もりざる（2022-12-24 11:41:07）
9589,桜井画門,GGGGGGGGGG,漫画家,日本,,,,"アフタヌーン四季賞 (第80回, 冬のコンテスト・佳作)〔2006年〕, アフタヌーン四季賞 (第88回, 冬のコンテスト・四季大賞)〔2008年〕",,,,http://twitter.com/ggggggggggero,,,,,hayashi17（2014-11-23 22:54:38）,ゲスト（2020-11-12 07:10:25）
13794,櫻井寛,,,,,,,,,,,,,,,,まーすけ（2016-01-19 20:47:14）,まーすけ（2016-01-19 20:47:14）
15549,桜井沙夜,,漫画家,,,,,"NEXT CHAMPION (第1回, 佳作)〔2016年〕 「コハクイズム」",,,,,,,,,まーすけ（2016-08-07 10:55:42）,まーすけ（2016-08-07 10:55:42）
11414,桜井汐里,,漫画家,日本,,,,えんため大賞コミックグランプリ,,,,http://twitter.com/shio_sakurai,,,,,こうの（2015-08-11 11:24:32）,daisuke（2023-01-24 20:09:10）
7872,櫻井しゅしゅしゅ,,漫画家,,,東京都,,,,,http://webs.to/noreset/,http://twitter.com/shu3_sakurai,,,,漫画;公式サイト,まんがseek編集部（2003-01-14 19:59:53）,ゲスト（2017-05-04 14:01:08）
6263,桜井昌一,,劇画家,,1933年3月11日,大阪市,1955年,,,,,,,,,漫画;児童文学大事典,まんがseek編集部（2003-10-11 00:40:30）,もりざる（2016-01-09 17:01:06）
13664,桜井章一,,雀士,,,,,,,,,,,,,,もりざる（2016-01-09 17:02:24）,もりざる（2016-01-09 17:02:24）
16925,桜井慎,,漫画原作者,,8月16日,,,,,,,http://twitter.com/sacra224,,http://sacra224.blog109.fc2.com/,,,トファナ水（2017-03-12 13:27:47）,トファナ水（2017-03-12 13:27:47）
4975,桜井雪,,漫画家,日本,6月13日,大阪府,1995年,,,,,,,http://udonudonudon.dreamlog.jp/,,白泉社ホームページ,まんがseek編集部（2002-11-16 15:31:03）,daisuke（2023-06-13 17:51:32）
7979,櫻井そうし,,漫画家;イラストレーター,,,,,,,,,,,,,,まんがseek編集部（2003-03-13 12:37:56）,もりざる（2017-07-08 19:56:30）
19980,櫻井大典,,漢方専門家,日本,,,,,,,,http://twitter.com/PandaKanpo,,,,,もりざる（2019-01-21 21:52:33）,daisuke（2021-01-22 17:31:49）
12418,桜井建志,サクライタケシ,漫画家,,,,2007年「除霊少女ヤミコさん」,,"ジャンプ十二傑新人漫画賞(2007年5月期,十二傑賞)〔2007年〕「除霊少女ヤミコさん」",,,http://twitter.com/ta_ke_sh_i,,,,,こうの（2015-09-22 10:50:18）,こうの（2015-09-22 10:50:18）
12416,サクライタケシ,桜井建志,漫画家,,,,2007年「除霊少女ヤミコさん」,,"ジャンプ十二傑新人漫画賞(2007年5月期,十二傑賞)〔2007年〕「除霊少女ヤミコさん」",,,http://twitter.com/ta_ke_sh_i,,,,,こうの（2015-09-21 23:34:11）,まーすけ（2017-04-21 08:50:39）
12055,櫻井武晴,,脚本家,,,,,,,,,,,,,,もりざる（2015-09-05 20:34:35）,もりざる（2015-09-05 20:34:35）
26732,桜井竜矢,,漫画原作者;漫画構成者,,,,,,,,,,,,,,daisuke（2023-11-11 19:52:11）,daisuke（2023-11-11 19:52:11）
15335,さくらいとおる,,シナリオライター;漫画原作者,,,,,,,,,http://twitter.com/sakuraitohru,,,,,トファナ水（2016-07-09 10:15:11）,トファナ水（2016-07-09 10:15:38）
770,桜井トシフミ,桜壱バーゲン,漫画家,,,,,,,,,http://twitter.com/b_sakuraichi,,http://blog.livedoor.jp/b_sakuraichi/,,,まんがseek編集部（2002-11-16 15:31:03）,こうの（2015-05-14 17:14:15）
9831,櫻井稔文,桜壱バーゲン,漫画家,,,,,,,,,http://twitter.com/b_sakuraichi,,http://blog.livedoor.jp/b_sakuraichi/,,,まーすけ（2015-05-14 17:18:56）,こうの（2015-05-14 17:18:56）
12410,桜井のりお,,漫画家,,7月1日,,2003年,,,,http://www.geocities.jp/ageodai2/,http://twitter.com/lovely_pig328,,http://blog.livedoor.jp/ageodai2/,,,もりざる（2015-09-21 22:05:21）,もりざる（2015-09-21 22:05:21）
771,桜井パピコ,,漫画家,,,,,,,,,,,,,,まんがseek編集部（2002-11-16 15:31:03）,伏見庵（2022-03-31 20:48:54）
16737,櫻井緋子,,漫画家,,3月9日,,2015年,,,,,http://twitter.com/sakurai_hiko,,http://sakuraihinemosu.blog.fc2.com/,,,トファナ水（2017-02-10 22:11:15）,トファナ水（2017-02-10 22:11:15）
13616,桜井浩子,,女優,,,,,,,,,,,,,,もりざる（2016-01-03 17:05:15）,もりざる（2016-01-03 17:05:15）
14851,櫻井マコト,,漫画家,日本,12月31日,大阪府,2007年,,,,,http://twitter.com/relaxmakoto,,http://smakoto.blog82.fc2.com/,,,ゲスト（2016-05-04 16:57:25）,daisuke（2022-12-31 10:17:41）
4163,桜井まちこ,,漫画家,,1980年4月7日 (44歳),北海道,1996年,,,,,,,,,,まんがseek編集部（2002-11-16 15:31:03）,ゲスト（2018-04-07 07:02:20）
10716,桜井真優,,,,,,,,,,,,,,,,コースケ（2015-07-15 17:41:56）,こうの（2015-07-15 18:29:07）
15421,桜井瑞希,,漫画家,,,,2015年「狂覇オワリの殺人衝動」,"スクウェア・エニックスマンガ大賞 (第25回, 特別大賞、審査員特別賞) 「狂覇オワリの殺人衝動」",,,,http://twitter.com/mizukisakurai,,,,,トファナ水（2016-07-23 21:16:18）,百雲母（2021-04-08 15:12:18）
23439,櫻井三丸,,小説家,,,,,,,,,http://twitter.com/mitsumaruuuu,,,,,伏見庵（2021-08-16 10:05:26）,伏見庵（2021-08-16 10:05:26）
8341,桜井美也,,漫画家,,10月30日,群馬県,,,,,,,,,,「小学館コミック」サイト内プロフィール,まんがseek編集部（2003-06-15 21:45:16）,まーすけ（2015-10-25 23:20:35）
15863,桜井みわ,,漫画家,日本,,,,,,,,http://twitter.com/smiwa0515,,,,,トファナ水（2016-09-24 17:09:06）,daisuke（2021-02-07 19:53:28）
2804,桜井ゆう,,漫画家,,1974年8月27日 (49歳),岐阜県,1994年,,,買い物;ドライブ,,,,,,りぼん漫画家情報,まんがseek編集部（2002-11-16 15:31:03）,こうの（2015-07-20 10:24:44）
23951,桜井らず,,漫画家,,,,,,,,,,,,,,百雲母（2022-02-23 23:22:00）,百雲母（2022-02-23 23:22:00）
10518,櫻井リヤ,,漫画家,,1979年2月26日 (45歳),三重県,2001年「バニイ君」,,,,http://instagram.com/liya_sakurai,,,http://ameblo.jp/liyasakurai/,,,もりざる（2015-07-11 18:58:46）,ゲスト（2017-07-30 07:16:56）
