作品ID,タイトル,クレジット（別PN）,初出年,初出掲載誌,評価,レビュー
41966,GOD'S MARBLEGOD'S MARBLE,原作（木葉功一）[作画：佐藤純也],2005年,モーニング新マグナム増刊,0,
16156,カフェ ボヘミア読み切りカフェ ボヘミア;カフェボヘミア;;かふぇぼへみあ  カフェボヘミア かふぇぼへみあ,（木葉功一）,1997年,モーニング,0,
16155,キリコ;;;;;きりこ;キリコ  キリコ きりこ,（木葉功一）,,,5,1件
64026,クリオの男連載終了クリオの男;クリオノオトコ;;くりおのおとこ  クリオノオトコ くりおのおとこ,（木葉功一）,2001年,イブニング,0,
63035,JAGUAJAGUA;ジャギュア;;じゃぎゅあ  ジャギュア じゃぎゅあ,（木葉功一）,,,0,
63036,ディザインドディザインド;;でぃざいんど  ディザインド でぃざいんど,（木葉功一）,,,0,
27045,フルーツ;;;;;ふるーつ;フルーツ  フルーツ ふるーつ,（木葉功一）,2002年,ビッグコミックスピリッツ増刊IKKI,0,
24694,マリオガン連載終了;;;;;まりおがん;マリオガン  マリオガン まりおがん,（木葉功一）,2003年,ビッグコミックスピリッツ,0,
16158,ルビー・ザ・キッド;;;;;るびーざきっど;ルビーザキッド;ルビー・ザ・キッド  ルビーザキッド るびーざきっど,（木葉功一）,,,0,
作品ID,タイトル,クレジット（別PN）,初出年,初出掲載誌,評価,レビュー
32784,頑張れにっぽん読み切り成人指定;;;;がんばれにっぽん;ガンバレニッポン;頑張れにっぽん  ガンバレニッポン がんばれにっぽん,（R・古賀勲）,,雑誌データ不明・未登録,0,
32785,KILLING NIGHT!読み切り成人指定;;;;KILLING NIGHT!;きりんぐないと;キリングナイト  キリングナイト きりんぐないと,（R・古賀勲）,,雑誌データ不明・未登録,0,
18568,コスプレ刑事連載終了;;;;;こすぷれでか;コスプレデカ;コスプレ刑事  コスプレデカ こすぷれでか,（きもと稲葉）,1997年,ヤングキングアワーズ,0,
32783,SWEET-SOUR NIGHT読み切り成人指定;;;;SWEET-SOUR NIGHT;すいーとさわーないと;スイートサワーナイト  スイートサワーナイト すいーとさわーないと,（R・古賀勲）,,雑誌データ不明・未登録,0,
32777,BEGIN WITH ……SHOUKO.読み切り成人指定;;;;BEGIN WITH ……SHOUKO.;びぎんうぃずしょうこ;ビギンウィズショウコ  ビギンウィズショウコ びぎんうぃずしょうこ,（R・古賀勲）,,雑誌データ不明・未登録,0,
32779,Peaceful-Starand dangerous gurdian読み切り成人指定;Peaceful-Star;and dangerous gurdian;あんどでんじゃらすがーでぃあん;ぴーすふるすたー;アンドデンジャラスガーディアン;ピースフルスター  ピースフルスター ぴーすふるすたー アンドデンジャラスガーディアン あんどでんじゃらすがーでぃあん,（R・古賀勲）,,雑誌データ不明・未登録,0,
33188,Final Ties連載終了Final Ties;ファイナルタイズ;;ふぁいなるたいず  ファイナルタイズ ふぁいなるたいず,（きもと稲葉）,1996年,ヤングキングアワーズ,0,
32781,"風雲!!スキャンダルショット必殺""ちぇっく""まんが ☆キミキミ、""ちぇっく""して喜こんでるなよ☆読み切り成人指定;;;ふううんすきゃんだるしょっと;フウウンスキャンダルショット;必殺""ちぇっく""まんが ☆キミキミ、""ちぇっく""して喜こんでるなよ☆;風雲!!スキャンダルショット  フウウンスキャンダルショット ふううんすきゃんだるしょっと",（R・古賀勲）,,雑誌データ不明・未登録,0,
32780,ぽりすSTORY in CHIBA読み切り成人指定;;;;ぽりすSTORY in CHIBA;ぽりすすとーりーいんちば;ポリスストーリーインチバ  ポリスストーリーインチバ ぽりすすとーりーいんちば,（R・古賀勲）,,雑誌データ不明・未登録,0,
32778,Monday is Niceday読み切り成人指定;;;;Monday is Niceday;まんでぃいずないすでぃ;マンディイズナイスディ マンデイイズナイスデイ マンディイズナイスディ まんでぃいずないすでぃ,（R・古賀勲）,,雑誌データ不明・未登録,0,
32782,LET'S 警備ING!読み切り成人指定レッツケイビイング;LET'S 警備ING!  レッツケイビイング れっつけいびいんぐ,（R・古賀勲）,,雑誌データ不明・未登録,0,
作品ID,タイトル,クレジット（別PN）,初出年,初出掲載誌,評価,レビュー
36618,つくみみ連載終了代表作成人指定;;;;つくみみ;ツクミミ  ツクミミ つくみみ,（あ〜る・こが）,,COMIC XO,0,
32594,夏果の夏成人指定夏果の夏,（あ〜る・こが）,,,0,
32611,双まら成人指定双まら,（あ〜る・こが）,,,0,
32601,あの嘘ウソ成人指定;;;;あのうそうそ;あの嘘ウソ;アノウソウソ  アノウソウソ あのうそうそ,（あ〜る・こが）,,,0,
84135,アパートの清美ちゃん成人指定アパートの清美ちゃん;アパートノキヨミチャン;;あぱーとのきよみちゃん  アパートノキヨミチャン あぱーとのきよみちゃん,（あ〜る・こが）,,,0,
32605,雨やどり成人指定;;;;あまやどり;アマヤドリ;雨やどり  アマヤドリ あまやどり,（あ〜る・こが）,,,0,
32571,雨のち晴れ成人指定;;;;;あめのちはれ;アメノチハレ;雨のち晴れ  アメノチハレ あめのちはれ,（あ〜る・こが）,,,0,
32588,あや、まけないよ!成人指定;;;;あや、まけないよ!;あやまけないよ;アヤマケナイヨ  アヤマケナイヨ あやまけないよ,（あ〜る・こが）,,,0,
84118,アリガトウノ儀式読み切り成人指定アリガトウの儀式;アリガトウノギシキ;;ありがとうのぎしき  アリガトウノギシキ ありがとうのぎしき,（あ〜る・こが）,2013年,コミック・マショウ,0,
32657,ある愛のかたち成人指定;;;;;あるあいのかたち;ある愛のかたち;アルアイノカタチ  アルアイノカタチ あるあいのかたち,（あ〜る・こが）,1999年,COMICコーヒーブレイク,0,
32649,いきなり金髪シスター読み切り成人指定;;;;;いきなりきんぱつしすたー;いきなり金髪シスター;イキナリキンパツシスター  イキナリキンパツシスター いきなりきんぱつしすたー,（あ〜る・こが）,,COMICコーヒーブレイク,0,
84117,いっしょにアリガトウ読み切り成人指定いっしょにアリガトウ;イッショニアリガトウ;;いっしょにありがとう  イッショニアリガトウ いっしょにありがとう,（あ〜る・こが）,2013年,コミック・マショウ,0,
32568,犬の日常成人指定;;;;;いぬのにちじょう;イヌノニチジョウ;犬の日常  イヌノニチジョウ いぬのにちじょう,（あ〜る・こが）,,,0,
32569,INNOCENT MEMORY成人指定;;;;;INNOCENT MEMORY;いのせんとめもりー;イノセントメモリー  イノセントメモリー いのせんとめもりー,（あ〜る・こが）,,,0,
32619,今だけちょっとだけ成人指定;;;;;いまだけちょっとだけ;イマダケチョットダケ;今だけちょっとだけ  イマダケチョットダケ いまだけちょっとだけ,（あ〜る・こが）,,,0,
32642,妹…読み切り成人指定;;;;;いもうと;イモウト;妹…  イモウト いもうと,（あ〜る・こが）,2001年,COMIC桃姫,0,
32620,妹ちゃんねる成人指定;;;;;いもうとちゃんねる;イモウトチャンネル;妹ちゃんねる  イモウトチャンネル いもうとちゃんねる,（あ〜る・こが）,,,0,
32616,うちのM兄ちゃん成人指定;;;;;うちのM兄ちゃん;うちのえむにいちゃん;ウチノエムニイチャン  ウチノエムニイチャン うちのえむにいちゃん,（あ〜る・こが）,,,0,
32618,運動会成人指定;;;;;うんどうかい;ウンドウカイ;運動会  ウンドウカイ うんどうかい,（あ〜る・こが）,,,0,
32638,お祝いしよ!読み切り成人指定;;;;;おいわいしよ;お祝いしよ!;オイワイシヨ  オイワイシヨ おいわいしよ,（あ〜る・こが）,2001年,COMIC桃姫,0,
32593,お正月どころじゃないんだから!成人指定;;;;;おしょうがつどころじゃないんだから;お正月どころじゃないんだから!;オショウガツドコロジャナインダカラ  オショウガツドコロジャナインダカラ おしょうがつどころじゃないんだから,（あ〜る・こが）,,,0,
32602,弟を調教する方法成人指定;;;;おとうとおちょうきょうするほうほう;おとうとをちょうきょうするほうほう;オトウトオチョウキョウスルホウホウ;オトウトヲチョウキョウスルホウホウ;弟を調教する方法  オトウトヲチョウキョウスルホウホウ おとうとをちょうきょうするほうほう,（あ〜る・こが）,,,0,
32631,おろしまん成人指定;;;;おろしまん;オロシマン  オロシマン おろしまん,（あ〜る・こが）,,,0,
32561,温泉の火照りの後で成人指定;;;;おんせんのほてりのあとで;オンセンノホテリノアトデ;温泉の火照りの後で  オンセンノホテリノアトデ おんせんのほてりのあとで,（あ〜る・こが）,,,0,
84133,帰ってきた南の島の座敷童子成人指定帰ってきた南の島の座敷童;カエッテキタミナミノシマノザシキワラシ;;かえってきたみなみのしまのざしきわらし  カエッテキタミナミノシマノザシキワラシ かえってきたみなみのしまのざしきわらし,（あ〜る・こが）,,,0,
32582,果実姉妹奮戦記成人指定;;;;かじつしまいふんせんき;カジツシマイフンセンキ;果実姉妹奮戦記  カジツシマイフンセンキ かじつしまいふんせんき,（あ〜る・こが）,,,0,
32622,ガムテ成人指定;;;;がむて;ガムテ  ガムテ がむて,（あ〜る・こが）,,,0,
32584,きょういく実習成人指定;;;;;きょういくじっしゅう;きょういく実習;キョウイクジッシュウ  キョウイクジッシュウ きょういくじっしゅう,（あ〜る・こが）,,,0,
32614,兄妹なのに他人行儀成人指定;;;;;きょうだいなのにたにんぎょうぎ;キョウダイナノニタニンギョウギ;兄妹なのに他人行儀  キョウダイナノニタニンギョウギ きょうだいなのにたにんぎょうぎ,（あ〜る・こが）,,,0,
32630,金属ちんこ成人指定;;;;;きんぞくちんこ;キンゾクチンコ;金属ちんこ  キンゾクチンコ きんぞくちんこ,（あ〜る・こが）,,,0,
32600,義妹成人指定;;;;ぎまい;ギマイ;義妹  ギマイ ぎまい,（あ〜る・こが）,,,0,
18568,コスプレ刑事連載終了;;;;;こすぷれでか;コスプレデカ;コスプレ刑事  コスプレデカ こすぷれでか,（きもと稲葉）,1997年,ヤングキングアワーズ,0,
32570,子猫なのにの成人指定子猫なのにの;コネコナノニノ;;こねこなのにの  コネコナノニノ こねこなのにの,（あ〜る・こが）,,,0,
32572,仔猫の子守唄成人指定;;;;;こねこのこもりうた;コネコノコモリウタ;仔猫の子守唄  コネコノコモリウタ こねこのこもりうた,（あ〜る・こが）,,,0,
32566,木もれ陽成人指定;;;;;こもれび;コモレビ;木もれ陽  コモレビ こもれび,（あ〜る・こが）,,,0,
32591,こんがり陽焼けパーティー成人指定;;;;;こんがりひやけぱーてぃー;こんがり陽焼けパーティー;コンガリヒヤケパーティー  コンガリヒヤケパーティー こんがりひやけぱーてぃー,（あ〜る・こが）,,,0,
32634,今夜が山田。読み切り成人指定;;;;;こんやがやまだ;コンヤガヤマダ;今夜が山田。  コンヤガヤマダ こんやがやまだ,（あ〜る・こが）,2001年,COMIC桃姫,0,
32564,ごほうび下さい…。成人指定;;;;;ごほうびください;ごほうび下さい…。;ゴホウビクダサイ  ゴホウビクダサイ ごほうびください,（あ〜る・こが）,,,0,
32567,ごめんね…。成人指定;;;;ごめんね;ごめんね…。;ゴメンネ  ゴメンネ ごめんね,（あ〜る・こが）,,,0,
32627,沙耶は元気です。成人指定;;;;;さやはげんきです;サヤハゲンキデス;沙耶は元気です。  サヤハゲンキデス さやはげんきです,（あ〜る・こが）,,,0,
17645,Sample Me Please連載終了成人指定Sample Me Please;サンプルミィプリーズ;;さんぷるみぃぷりーず サンプルミープリーズ サンプルミィプリーズ さんぷるみぃぷりーず,（あ〜る・こが）,2000年,コミックパラダイス,0,
32603,産卵モーニング成人指定;;;;さんらんもーにんぐ;サンランモーニング;産卵モーニング  サンランモーニング さんらんもーにんぐ,（あ〜る・こが）,,,0,
32629,幸せ家族ゲーム成人指定;;;;;しあわせかぞくげーむ;シアワセカゾクゲーム;幸せ家族ゲーム  シアワセカゾクゲーム しあわせかぞくげーむ,（あ〜る・こが）,,,0,
33187,思想在出想い出成人指定思想在出;シソウザイシュツ;;想い出;オモイデ;しそうざいしゅつ;おもいで  シソウザイシュツ しそうざいしゅつ オモイデ おもいで,（あ〜る・こが）,,,0,
84134,宿題はオナ禁成人指定宿題はオナ禁;シュクダイハオナキン;;しゅくだいはおなきん  シュクダイハオナキン しゅくだいはおなきん,（あ〜る・こが）,,,0,
32623,少女病棟連載終了成人指定;;;Ward for girls.;しょうじょびょうとう;ショウジョビョウトウ;少女病棟  ショウジョビョウトウ しょうじょびょうとう,（あ〜る・こが）,,COMIC桃姫,0,
32628,新愛なる妹よ成人指定;;;;;しんあいなるいもうとよ;シンアイナルイモウトヨ;新愛なる妹よ  シンアイナルイモウトヨ しんあいなるいもうとよ,（あ〜る・こが）,,,0,
32587,THE INTRESTED PARTIES成人指定;;;;;THE INTRESTED PARTIES;じいんたれすてっどぱーてぃーず;ジインタレステッドパーティーズ  ジインタレステッドパーティーズ じいんたれすてっどぱーてぃーず,（あ〜る・こが）,,,0,
32562,情と愛と欲の間で成人指定;;;;;じょうとあいとよくのあいだで;ジョウトアイトヨクノアイダデ;情と愛と欲の間で  ジョウトアイトヨクノアイダデ じょうとあいとよくのあいだで,（あ〜る・こが）,,,0,
32607,女優少女成人指定;;;;じょゆうしょうじょ;ジョユウショウジョ;女優少女  ジョユウショウジョ じょゆうしょうじょ,（あ〜る・こが）,,,0,
32604,スイッチ成人指定;;;SWITCH;すいっち;スイッチ  スイッチ すいっち,（あ〜る・こが）,,,0,
32647,STILL・ALIVE読み切り成人指定;;;;;STILL・ALIVE;すてぃるあらいぶ;スティルアライブ STILL ALIVE スティルアライブ すてぃるあらいぶ,（あ〜る・こが）,1999年,COMICコーヒーブレイク,0,
32640,蝉の声成人指定;;;;;せみのこえ;セミノコエ;蝉の声  セミノコエ せみのこえ,（あ〜る・こが）,,,0,
32624,立ち入り禁止のえっち基地成人指定立ち入り禁止のえっち基地;タチイリキンシノエッチキチ;;たちいりきんしのえっちきち  タチイリキンシノエッチキチ たちいりきんしのえっちきち,（あ〜る・こが）,,コミックMANA,0,
84124,だっしゅ&せっくす読み切り成人指定だっしゅ&せっくす;ダッシュアンドセックス;;だっしゅあんどせっくす  ダッシュアンドセックス だっしゅあんどせっくす,（あ〜る・こが）,2012年,コミック・マショウ,0,
32583,ダムテ成人指定;;;;だむて;ダムテ  ダムテ だむて,（あ〜る・こが）,,,0,
32585,小さな冒険成人指定;;;;;ちいさなぼうけん;チイサナボウケン;小さな冒険  チイサナボウケン ちいさなぼうけん,（あ〜る・こが）,,,0,
32632,小っちゃな落札品読み切り成人指定;;;;;ちっちゃならくさつひん;チッチャナラクサツヒン;小っちゃな落札品  チッチャナラクサツヒン ちっちゃならくさつひん,（あ〜る・こが）,2001年,COMIC桃姫,0,
32590,Twin Prug-in成人指定;;;;;Twin Prug-in;ついんぷらぐいん;ツインプラグイン  ツインプラグイン ついんぷらぐいん,（あ〜る・こが）,,,0,
32563,繋がり成人指定;;;;;つながり;ツナガリ;繋がり  ツナガリ つながり,（あ〜る・こが）,,,0,
32609,妻ってよんで連載終了成人指定;;;;CALL ME A WIFE!;つまってよんで;ツマッテヨンデ;妻ってよんで  ツマッテヨンデ つまってよんで,（あ〜る・こが）,,COMIC桃姫,0,
32635,強くなりたい。連載終了成人指定;;;;;つよくなりたい;ツヨクナリタイ;強くなりたい。  ツヨクナリタイ つよくなりたい,（あ〜る・こが）,2002年,COMIC桃姫,0,
32606,TAKEN OUT成人指定;;;TAKEN OUT;ていくんあうと;テイクンアウト  テイクンアウト ていくんあうと,（あ〜る・こが）,,,0,
32589,徹夜でちゅぷちゅぷお勉強成人指定;;;;;てつやでちゅぷちゅぷおべんきょう;テツヤデチュプチュプオベンキョウ;徹夜でちゅぷちゅぷお勉強  テツヤデチュプチュプオベンキョウ てつやでちゅぷちゅぷおべんきょう,（あ〜る・こが）,,,0,
32656,天国への扉読み切り成人指定天国への扉;テンゴクヘノトビラ;;てんごくへのとびら  テンゴクヘノトビラ てんごくへのとびら,（あ〜る・こが）,1999年,ヤングペンギンCOMICペンギンクラブ増刊,0,
84136,天使のお風呂成人指定天使のお風呂;テンシノオフロ;;てんしのおふろ  テンシノオフロ てんしのおふろ,（あ〜る・こが）,,,0,
32639,DOLL PLAY成人指定;;;;;DOLL PLAY;どーるぷれい;ドールプレイ  ドールプレイ どーるぷれい,（あ〜る・こが）,,,0,
32586,ないしょ内緒のお泊まり会成人指定;;;;;ないしょないしょのおとまりかい;ないしょ内緒のお泊まり会;ナイショナイショノオトマリカイ  ナイショナイショノオトマリカイ ないしょないしょのおとまりかい,（あ〜る・こが）,,,0,
32617,夏のお別れ会読み切り成人指定;;;;;なつのおわかれかい;ナツノオワカレカイ;夏のお別れ会  ナツノオワカレカイ なつのおわかれかい,（あ〜る・こが）,2004年,ひな缶Hi!『COMIC天魔』増刊,0,
84123,なんてったってJr.ライバル読み切り成人指定なんてったってJr.ライバル;ナンテッタッテジュニアライバル;;なんてったってじゅにあらいばる  ナンテッタッテジュニアライバル なんてったってじゅにあらいばる,（あ〜る・こが）,2012年,コミック・マショウ,0,
32626,にゃータンといっしょ☆連載終了成人指定;;;;にゃーたんといっしょ;にゃータンといっしょ☆;ニャータントイッショ にゃーたんといっしょ;ニャータンといっしょ ニャータントイッショ にゃーたんといっしょ,（あ〜る・こが）,2002年,COMIC桃姫,0,
32615,ぬるぬる罰ゲーム成人指定;;;;;ぬるぬるばつげーむ;ぬるぬる罰ゲーム;ヌルヌルバツゲーム  ヌルヌルバツゲーム ぬるぬるばつげーむ,（あ〜る・こが）,,,0,
32613,猫といつまでも成人指定;;;;;ねこといつまでも;ネコトイツマデモ;猫といつまでも  ネコトイツマデモ ねこといつまでも,（あ〜る・こが）,,,0,
32599,ハッピーハッピーバースデー成人指定;;;;はっぴーはっぴーばーすでー;ハッピーハッピーバースデー ハッピーハッピーバースディ ハッピーハッピーバースデー はっぴーはっぴーばーすでー,（あ〜る・こが）,,,0,
32650,HAPPY BIRTHDAY読み切り成人指定;;;;;HAPPY BIRTHDAY;はっぴーばーすでい;ハッピーバースデイ  ハッピーバースデイ はっぴーばーすでい,（あ〜る・こが）,2000年,COMICコーヒーブレイク,0,
32645,歯止めのない朝日読み切り成人指定歯止めのない朝日;ハドメノナイアサヒ;;はどめのないあさひ  ハドメノナイアサヒ はどめのないあさひ,（あ〜る・こが）,2000年,COMICコーヒーブレイク,0,
32592,PEAFORM ME HARD!成人指定PEAFORM ME HARD!;パフォームミーハード;;ぱふぉーむみーはーど  パフォームミーハード ぱふぉーむみーはーど,（あ〜る・こが）,,,0,
100902,被虐教室〜虐欲少女の宴〜成人指定被虐教室;ヒギャクキョウシツ;;〜虐欲少女の宴〜;ひぎゃくきょうしつ  ヒギャクキョウシツ ひぎゃくきょうしつ,（あ〜る・こが）,,,0,
32610,羊さんが見てた成人指定;;;;ひつじさんがみてた;ヒツジサンガミテタ;羊さんが見てた  ヒツジサンガミテタ ひつじさんがみてた,（あ〜る・こが）,,,0,
84126,ひんにゅう小悪魔 睡魔&淫夢読み切り成人指定ひんにゅう小悪魔 睡魔&淫夢;ヒンニュウコアクマスイマアンドインム;;ひんにゅうこあくますいまあんどいんむ  ヒンニュウコアクマスイマアンドインム ひんにゅうこあくますいまあんどいんむ,（あ〜る・こが）,2012年,コミック・マショウ,0,
84127,ひんにゅう小悪魔 睡魔&淫夢〜2012冬〜読み切り成人指定ひんにゅう小悪魔 睡魔&淫夢;ヒンニュウコアクマスイマアンドインム;;〜2012冬〜;ニセンジュウニフユ;ひんにゅうこあくますいまあんどいんむ;にせんじゅうにふゆ  ヒンニュウコアクマスイマアンドインム ひんにゅうこあくますいまあんどいんむ ニセンジュウニフユ にせんじゅうにふゆ,（あ〜る・こが）,2012年,コミック・マショウ,0,
84129,ひんにゅう小悪魔 睡魔&淫夢〜2015秋〜読み切り成人指定ひんにゅう小悪魔 睡魔&淫夢;ヒンニュウコアクマスイマアンドインム;;〜2015秋〜;ニセンジュウゴアキ;ひんにゅうこあくますいまあんどいんむ;にせんじゅうごあき  ヒンニュウコアクマスイマアンドインム ひんにゅうこあくますいまあんどいんむ ニセンジュウゴアキ にせんじゅうごあき,（あ〜る・こが）,2015年,コミック・マショウ,0,
84130,ひんにゅう小悪魔 睡魔&淫夢〜2017〜読み切り成人指定ひんにゅう小悪魔 睡魔&淫夢;ヒンニュウコアクマスイマアンドインム;;〜2017〜;ニセンジュウナナ;ひんにゅうこあくますいまあんどいんむ;にせんじゅうなな  ヒンニュウコアクマスイマアンドインム ひんにゅうこあくますいまあんどいんむ ニセンジュウナナ にせんじゅうなな,（あ〜る・こが）,2017年,コミック・マショウ,0,
33188,Final Ties連載終了Final Ties;ファイナルタイズ;;ふぁいなるたいず  ファイナルタイズ ふぁいなるたいず,（きもと稲葉）,1996年,ヤングキングアワーズ,0,
32633,風子のその後読み切り成人指定;;;;;ふうこのそのご;フウコノソノゴ;風子のその後  フウコノソノゴ ふうこのそのご,（あ〜る・こが）,2001年,COMIC桃姫,0,
84128,ぷらいべ〜とアシスタント with ひんにゅう小悪魔読み切り成人指定ぷらいべ〜とアシスタント with ひんにゅう小悪魔;プライベートアシスタントウィズヒンニュウコアクマ;;ぷらいべーとあしすたんとうぃずひんにゅうこあくま  プライベートアシスタントウィズヒンニュウコアクマ ぷらいべーとあしすたんとうぃずひんにゅうこあくま,（あ〜る・こが）,2014年,コミック・マショウ,0,
32641,放課後H倶楽部連載終了成人指定;;;;;ほうかごえっちくらぶ;ホウカゴエッチクラブ;放課後H倶楽部  ホウカゴエッチクラブ ほうかごえっちくらぶ,（あ〜る・こが）,2000年,COMIC桃姫,0,
32651,ボクだけのネコみみメイドさん読み切り成人指定ボクだけのネコみみメイドさん;ボクダケノネコミミメイドサン;;ぼくだけのねこみみめいどさん  ボクダケノネコミミメイドサン ぼくだけのねこみみめいどさん,（あ〜る・こが）,1999年,COMICコーヒーブレイク,0,
32648,My Girlhood Friend読み切り成人指定My Girlhood Friend;マイガールフッドフレンド;;まいがーるふっどふれんど  マイガールフッドフレンド まいがーるふっどふれんど,（あ〜る・こが）,,COMICコーヒーブレイク,0,
32612,祭り囃子が遠くの方で成人指定;;;;まつりばやしがとおくのほうで;マツリバヤシガトオクノホウデ;祭り囃子が遠くの方で  マツリバヤシガトオクノホウデ まつりばやしがとおくのほうで,（あ〜る・こが）,,,0,
32654,まなみの愛。読み切り成人指定;;;;;まなみのあい;まなみの愛。;マナミノアイ  マナミノアイ まなみのあい,（あ〜る・こが）,,同人誌,0,
32653,まなみの幸せ。読み切り成人指定;;;;;まなみのしあわせ;まなみの幸せ。;マナミノシアワセ  マナミノシアワセ まなみのしあわせ,（あ〜る・こが）,,同人誌,0,
32655,まなみの優しさ。読み切り成人指定;;;;;まなみのやさしさ;まなみの優しさ。;マナミノヤサシサ  マナミノヤサシサ まなみのやさしさ,（あ〜る・こが）,,同人誌,0,
32644,水のあふれたプールサイド読み切り成人指定水のあふれたプールサイド;ミズノアフレタプールサイド;;みずのあふれたぷーるさいど  ミズノアフレタプールサイド みずのあふれたぷーるさいど,（あ〜る・こが）,2000年,COMICコーヒーブレイク,0,
84132,南の島からきた座敷童子成人指定南の島から来た座敷童;ミナミノシマカラキタザシキワラシ;;みなみのしまからきたざしきわらし  ミナミノシマカラキタザシキワラシ みなみのしまからきたざしきわらし,（あ〜る・こが）,,,0,
84131,南の島の座敷童子成人指定南の島の座敷童;ミナミノシマノザシキワラシ;;みなみのしまのざしきわらし  ミナミノシマノザシキワラシ みなみのしまのざしきわらし,（あ〜る・こが）,,,0,
32652,屋根の上の子猫たち読み切り成人指定屋根の上の子猫たち;ヤネノウエノコネコタチ;;やねのうえのこねこたち  ヤネノウエノコネコタチ やねのうえのこねこたち,（あ〜る・こが）,1999年,COMICコーヒーブレイク,0,
84125,雪ん娘読み切り成人指定雪の娘  ユキンコ ゆきんこ,（あ〜る・こが）,2013年,コミック・マショウ,0,
32637,夢でいたずら読み切り成人指定;;;;;ゆめでいたずら;ユメデイタズラ;夢でいたずら  ユメデイタズラ ゆめでいたずら,（あ〜る・こが）,2002年,COMIC桃姫,0,
32608,寄り添う雛たち成人指定;;;;よりそうひなたち;ヨリソウヒナタチ;寄り添う雛たち  ヨリソウヒナタチ よりそうひなたち,（あ〜る・こが）,,,0,
32636,YORIMICHI読み切り成人指定;;;;YORIMICHI;よりみち;ヨリミチ  ヨリミチ よりみち,（あ〜る・こが）,2001年,COMIC桃姫,0,
32565,夜のくまさん成人指定;;;;;よるのくまさん;ヨルノクマサン;夜のくまさん  ヨルノクマサン よるのくまさん,（あ〜る・こが）,,,0,
32646,Rubing without Loving読み切り成人指定Rubing without Loving;ラビングウィズアウトラビング;;らびんぐうぃずあうとらびんぐ  ラビングウィズアウトラビング らびんぐうぃずあうとらびんぐ,（あ〜る・こが）,2000年,MANGA ZetuMan絶対満足,0,
32625,りっこうほ成人指定;;;;りっこうほ;リッコウホ  リッコウホ りっこうほ,（あ〜る・こが）,,,0,
作品ID,タイトル,クレジット（別PN）,初出年,初出掲載誌,評価,レビュー
88097,レイプの達人成人指定レイプの達人;レイプノタツジン  レイプノタツジン れいぷのたつじん,（東航）,,,0,
作品ID,タイトル,クレジット（別PN）,初出年,初出掲載誌,評価,レビュー
26089,Vの口笛Vの口笛,原作（遠崎史朗）[作画：ながやす巧],,,0,
26090,球速0.25秒連載終了球速0.25秒,原作（杉四郎）[作画：眉月はるな],1970年,週刊少年ジャンプ,0,
40728,アルプスの大将連載終了アルプスの大将,原作（遠崎史朗）[作画：手無功],1979年,月刊少年チャレンジ,0,
95334,遠賀川連載終了遠賀川,（遠崎史朗）,1977年,コミック野郎,0,
5222,アストロ球団連載終了;;;;あすとろきゅうだん;アストロキュウダン;アストロ球団  アストロキュウダン あすとろきゅうだん,原作（遠崎史朗）[作画：中島徳博],1972年,週刊少年ジャンプ,4.4,5件
43455,男牙連載終了男牙;オトコキバ;;おとこきば  オトコキバ おとこきば,（遠崎史朗）,1978年,リイドコミック,0,
18267,海峡ものがたり;;;;かいきょうものがたり;カイキョウモノガタリ;海峡ものがたり  カイキョウモノガタリ かいきょうものがたり,原作（ジョー指月）[作画：石川サブロウ],,MANGAオールマン,0,
44293,ぎゃあなか平吉連載終了ぎゃあなか平吉;ギャアナカヘイキチ;;ぎゃあなかへいきち  ギャアナカヘイキチ ぎゃあなかへいきち,原作（遠崎史朗）[作画：村井一忠],1977年,月刊少年チャンピオン,0,
4557,K;;;;;K;けー;ケー  ケー けー,原作（遠崎史朗）[作画：谷口ジロー],,,5,1件
69326,白い狩人連載終了白い狩人;シロイハンター;;しろいはんたー シロイカリウド シロイハンター しろいはんたー,原作（遠崎史朗）[：小島一将],1977年,週刊少年ジャンプ,0,
26088,スカイイーグル;;;;;すかいいーぐる;スカイイーグル  スカイイーグル すかいいーぐる,原作（遠崎史朗）[作画：川島よしかず],,,0,
9091,青春最前線;;;;せいしゅんさいぜんせん;セイシュンサイゼンセン;青春最前線  セイシュンサイゼンセン せいしゅんさいぜんせん,原作（遠崎史朗）[作画：はくしょみのる],,,0,
36432,流れ陶二郎けんか窯連載終了;;;;ながれとうじろうけんかがま;ナガレトウジロウケンカガマ;流れ陶二郎けんか窯  ナガレトウジロウケンカガマ ながれとうじろうけんかがま,原作（遠崎史朗）[作画：ビッグ錠],,週刊漫画ゴラク,0,
36,緋が走る連載終了緋が走る;ヒガハシル;;ひがはしる アカガハシル ヒガハシル ひがはしる,原作（ジョー指月）[漫画：あおきてつお],1992年,スーパージャンプ,0,
10654,ファイター幻連載終了ファイター幻;ファイターゲン;;ふぁいたーげん ファイターマボロシ ファイターゲン ふぁいたーげん,原作（遠崎史朗）[作画：黒咲一人],1975年,月刊少年ジャンプ,0,
69121,ぶったかれ先公ぶったかれ先公;ブッタカレセンコウ;;ぶったかれせんこう  ブッタカレセンコウ ぶったかれせんこう,原作（遠崎史朗）[：手無功],,どっかんV,0,
76221,ブランコ仁太読み切りブランコ仁太;ブランコジンタ  ブランコジンタ ぶらんこじんた,原作（遠崎史朗）[漫画：小島正春],1979年,月刊少年ジャンプ,0,
26086,北斗の騎士連載終了北斗の騎士;ホクトノキシ;;ほくとのきし  ホクトノキシ ほくとのきし,原作（遠崎史朗）[作画：南一平],1976年,週刊少年ジャンプ,0,
13599,味覚一平読み切り;;;;;みかくいっぺい;ミカクイッペイ;味覚一平  ミカクイッペイ みかくいっぺい,原作（遠崎史朗）[作画：堀内元],1988年,月刊少年ジャンプ,0,
18342,美咲の器それからの緋が走る連載終了;それからのひがはしる;それからの緋が走る;みさきのうつわ;ソレカラノヒガハシル;ミサキノウツワ;美咲の器  ミサキノウツワ みさきのうつわ ソレカラノヒガハシル それからのひがはしる,原作（ジョー指月）[作画：あおきてつお],1999年,Oh! SUPER JUMP,0,
28541,ラジコン戦争;;;;;らじこんせんそう;ラジコンセンソウ;ラジコン戦争  ラジコンセンソウ らじこんせんそう,原作（ジェームス高木）[作画：石山あきら],1979年,週刊少年ジャンプ,0,
作品ID,タイトル,クレジット（別PN）,初出年,初出掲載誌,評価,レビュー
25326,サディスティックボーイ;;;;;さでぃすてぃっくぼーい;サディスティックボーイ  サディスティックボーイ さでぃすてぃっくぼーい,（とりマイア）,,,0,
